	0	1	2	3	4	5
1Fqg133qRaI	7.0	7.0	7.0	7.0		
VVdmjgu7pKM	5.0	6.0	8.0	7.0		
-Lr-u0b42he	7.0	5.0	6.0	6.0		
dKwmCtp6YI	3.0	4.0	5.0	6.0		
WoLQsYU8aZ	3.0	6.0	5.0	7.0		
jGeOQt3oUl1	3.0	7.0	7.0	6.0		
MWj_P-Lk3jC	7.0	5.0	3.0	3.0		
Ki5Mv0iY8C	3.0	4.0	4.0	4.0		
uxpzitPEooJ	7.0	7.0	6.0	6.0		
9EsrXMzlFQY	8.0	6.0	7.0	7.0		
BbNIbVPJ-42	7.0	7.0	7.0	6.0		
HOFxeCutxZR	8.0	6.0	6.0	6.0		
hEnTjYdnZD	5.0	4.0	3.0	4.0		
Z2_djlm7DmA	4.0	4.0	3.0	4.0		
b_7OR0Fo_iN	6.0	4.0	5.0	5.0		
oLltLS5F9R	4.0	4.0	3.0	4.0		
hLElJeJKxzY	5.0	6.0	6.0	7.0		
xYGNO86OWDH	7.0	7.0	7.0			
Zqf6RGp5lqf	3.0	4.0	4.0	4.0		
Db4yerZTYkz	7.0	7.0	4.0	6.0		
MDsQkFP1Aw	5.0	6.0	7.0	6.0		
sTeoJiB4uR	7.0	4.0	6.0	8.0		
trPMYEn1FCX	5.0	5.0	4.0	3.0		
I6-3mg29P6y	3.0	6.0	4.0			
86t2GlfzFo	6.0	4.0	7.0	3.0		
b7g3_ZMHnT0	6.0	7.0	4.0	6.0		
vujTf_I8Kmc	6.0	6.0	6.0	5.0		
kyaIeYj4zZ	7.0	6.0	5.0	7.0		
mNtmhaDkAr	6.0	7.0	8.0			
oev4KdikGjy	5.0	6.0	4.0	6.0		
-aThAo4b1zn	3.0	4.0	2.0	2.0	4.0	
CBmJwzneppz	5.0	6.0	7.0	6.0		
LtS9mII3jFi	5.0	5.0	5.0			
xfOVXyO_cwJ	4.0	4.0	4.0	3.0		
UiLl8yjh57	5.0	7.0	7.0	3.0		
N5Zacze7uru	5.0	3.0	7.0			
hbzCPZEIUU	3.0	6.0	5.0	5.0		
F8xpAPm_ZKS	3.0	6.0	5.0	5.0		
ijVgDcvLmZ	3.0	2.0	4.0	2.0	4.0	
kB8DkEKSDH	5.0	4.0	3.0	4.0		
aJLjjpi0Vty	4.0	3.0	4.0	3.0		
MhTgnultR1K	3.0	4.0	3.0	4.0		
3b76QBOlYW	3.0	4.0	5.0	3.0		
j0uePNuoBho	4.0	9.0	4.0	6.0		
oyZxhRI2RiE	4.0	6.0	7.0	7.0	7.0	
C4-QQ1EHNcI	6.0	6.0	5.0	5.0		
7Yhok3vJpU	4.0	5.0	5.0	5.0		
H92-E4kFwbR	5.0	6.0	5.0	5.0		
aYJr_Rt30p	7.0	6.0	4.0			
LvJ8hLSusrv	5.0	6.0	4.0	5.0		
XSVrZvmwVR9	3.0	4.0	5.0	5.0		
ECuvULjFQia	6.0	6.0	6.0	6.0		
8Xi5MLFE_IW	5.0	4.0	4.0			
USCNapootw	6.0	7.0	6.0			
9D_Ovq4Mgho	7.0	4.0	3.0			
8VXvj1QNRl1	5.0	2.0	7.0	9.0		
sCZbhBvqQaU	7.0	7.0	7.0	6.0		
8YFhXYe1Ps	6.0	6.0	5.0	5.0	5.0	
Ao2-JgYxuQf	5.0	3.0	8.0			
BIIwfP55pp	4.0	4.0	3.0	4.0		
q3KSThy2GwB	8.0	7.0	7.0	6.0		
DC1Im3MkGG	4.0	6.0	5.0	4.0		
kdm4Lm9rgB	4.0	5.0	6.0	7.0		
ARQAdp7F8OQ	5.0	4.0	7.0	6.0		
k2Hm5Szfl5Z	5.0	5.0	3.0			
kki60UTxJQ	4.0	3.0	4.0	4.0		
bIrL42I_NF8	4.0	7.0	6.0	7.0		
UOOmHiXetC	3.0	4.0	6.0	3.0	6.0	
zv-typ1gPxA	7.0	7.0	7.0			
Hf3qXoiNkR	6.0	7.0	7.0	2.0		
nVZtXBI6LNn	7.0	5.0	5.0	5.0		
bgQek2O63w	4.0	6.0	6.0	7.0		
Jr8XGtK04Pw	7.0	5.0	7.0	4.0		
tv8n52XbO4p	6.0	5.0	6.0	6.0		
j7xc3_iqJt	5.0	4.0	5.0			
SQfqNwVoWu	6.0	5.0	7.0	4.0		
EohGx2HgNsA	5.0	4.0	4.0	3.0		
A7-rYAC-np1	5.0	4.0	8.0	6.0		
9UFIOHeVEh	3.0	3.0	3.0			
9GUTgHZgKCH	2.0	3.0	4.0	2.0	2.0	
DHkGKg2fJay	6.0	3.0	7.0	4.0		
VYfotZsQV5S	3.0	6.0	7.0	5.0	6.0	
ZDnzZrTqU9N	7.0	7.0	6.0	7.0		
JFKR3WqwyXR	7.0	7.0	4.0	6.0		
0O_cQfw6uEh	5.0	7.0	7.0			
RGJbergVIoO	10.0	7.0	7.0			
rWZz3sJfCkm	6.0	6.0	7.0	8.0		
XPZIaotutsD	6.0	6.0	7.0	6.0		
-6vS_4Kfz0	5.0	7.0	7.0	6.0		
YhhEarKSli9	5.0	5.0	5.0	4.0		
CLYe1Yke1r	8.0	6.0	4.0	4.0		
gdBGF7R8ZCJ	4.0	6.0	3.0	3.0		
S7Aeama_0s	2.0	3.0	5.0	4.0	2.0	
tij5dHg5Hk	6.0	3.0	3.0	5.0		
YMsbeG6FqBU	6.0	6.0	6.0			
pbUcKxmiM54	3.0	4.0	3.0	3.0		
wKfXaxPist	3.0	5.0	3.0			
L3iGqaCTWS9	4.0	4.0	6.0	4.0		
EeeOTYhLlVm	3.0	4.0	3.0			
faE-D_0d4M	8.0	4.0	5.0	4.0		
V8jrrnwGbuc	7.0	7.0	7.0	7.0		
1UtnrqVUeNE	6.0	6.0	6.0	6.0		
8xeBUgD8u9	7.0	6.0	7.0			
8mVSD0ETOXl	3.0	4.0	4.0	3.0		
yRP4_BOxdu	4.0	4.0	4.0	5.0		
01olnfLIbD	5.0	7.0	6.0	7.0		
oFp8Mx_V5FL	6.0	7.0	7.0	6.0		
U6Xpa5R-E1	6.0	6.0	7.0	6.0		
qiAxL3Xqx1o	5.0	5.0	6.0	5.0	7.0	
6zaTwpNSsQ2	6.0	7.0	7.0			
RayUtcIlGz	5.0	6.0	6.0	2.0		
9p2ekP904Rs	5.0	7.0	6.0	6.0		
dvXFpV6boX	3.0	5.0	4.0	8.0	2.0	
8_Ve-wi_IOx	4.0	6.0	4.0	6.0		
TwkEGci1Y-	7.0	4.0	5.0	3.0		
D_KeYoqCYC	7.0	6.0	6.0			
QKbS9KXkE_y	5.0	3.0	6.0	5.0		
v-9E8egy_i	7.0	4.0	5.0	2.0		
h9XgC7JzyHZ	4.0	4.0	2.0	4.0		
J3OUycKwz-	7.0	6.0	6.0	3.0		
WDVD4lUCTzU	6.0	7.0	4.0	5.0		
2OcEd8jSvR	5.0	3.0	5.0	3.0	3.0	
5IqTrksw9S	4.0	6.0	4.0	4.0		
TmUfsLjI-1	4.0	4.0	6.0	4.0		
Dmpi13JiqcX	5.0	6.0	6.0	5.0		
9MdLwggYa02	6.0	3.0	4.0	4.0		
dluhjOg0qKn	4.0	3.0	3.0	5.0		
_1ZLtKirOg3	5.0	5.0	3.0	5.0		
C0qJUx5dxFb	7.0	6.0	7.0	6.0		
uv_x9uAH1MY	2.0	6.0	5.0	3.0		
6M4c3WegNtX	5.0	4.0	4.0	6.0		
W75l6XMzLq	3.0	4.0	4.0	3.0		
Mu2ZxFctAI	6.0	7.0	6.0	4.0		
HxzSxSxLOJZ	5.0	7.0	7.0	6.0		
2m0g1wEafh	7.0	6.0	8.0	8.0		
sTcyRPRQ2VT	3.0	4.0	3.0			
NibHms070zC	5.0	4.0	4.0			
mxfRhLgLg_	3.0	4.0	7.0	3.0		
XCgFz7-l0QG	6.0	5.0	4.0	3.0		
KfRtxjqU-Hd	4.0	3.0	4.0			
cotg54BSX8	5.0	7.0	3.0	4.0		
hE3JWimujG	7.0	5.0	3.0			
V8YXffoDUSa	5.0	5.0	5.0	6.0		
JzG0n48hRf	2.0	6.0	4.0	6.0		
_IM-AfFhna9	7.0	7.0	8.0	4.0		
U7-FJu0iE3t	3.0	5.0	3.0	4.0		
zFM0Uo_GnYE	4.0	3.0	5.0	4.0		
Te1aZ2myPIu	4.0	5.0	6.0	4.0		
bnuU0PzXl0-	4.0	4.0	3.0			
Be7Z5EfYp-Q	3.0	4.0	7.0	5.0		
a2gqxKDvYys	6.0	7.0	7.0	7.0		
SK7A5pdrgov	7.0	8.0	4.0	6.0		
OCRKCul3eKN	4.0	4.0	3.0			
vttv9ADGuWF	5.0	5.0	4.0	5.0		
M_gk45ItxIp	4.0	5.0	4.0	5.0		
Hr-cI3LMKb8	4.0	4.0	3.0	6.0		
fylclEqgvgd	5.0	6.0	7.0	5.0		
27acGyyI1BY	7.0	7.0	7.0	7.0		
aLtty4sUo0o	6.0	7.0	7.0	7.0		
JdCUjf9xvlc	6.0	6.0	6.0	5.0		
D9pSaTGUemb	6.0	5.0	7.0	6.0		
UmrVpylRExB	6.0	8.0	4.0	4.0		
lkDjGgdZAMA	4.0	5.0	5.0	3.0		
WPO0vDYLXem	5.0	6.0	5.0	5.0		
qbH974jKUVy	5.0	7.0	6.0	8.0		
eU776ZYxEpz	6.0	6.0	6.0	9.0		
SVP44gujOBL	3.0	4.0	3.0	4.0		
7EDgLu9reQD	8.0	8.0	6.0	7.0		
s0Chrsstpv2	7.0	4.0	3.0	4.0		
TaYhv-q1Xit	8.0	4.0	5.0	8.0		
DigrnXQNMTe	1.0	2.0	3.0	2.0		
VyDYSMx1sFU	4.0	2.0	4.0	6.0		
QB7FkNVAfxa	5.0	3.0	9.0	6.0		
HNA0kUAFdbv	5.0	5.0	4.0			
mgzp2bTOzPW	3.0	3.0	5.0	3.0		
nLYMajjctMh	4.0	4.0	4.0	6.0		
boZj4g3Jocj	3.0	4.0	4.0	3.0		
5rc0K0ezhqI	8.0	4.0	6.0	6.0		
NTElq-Fo-F4	3.0	4.0	2.0	5.0		
25OSRH9H0Gi	4.0	4.0	5.0	5.0		
9y4qOAIfA9r	5.0	7.0	7.0	6.0		
MAF2IYqkEYD	3.0	4.0	4.0	5.0		
TG93-JNjMr4	5.0	6.0	5.0	3.0		
VD_ozqvBy4W	4.0	6.0	7.0	8.0		
0p-aRvcVs-U	4.0	4.0	3.0			
hga6dk7nxFB	3.0	3.0	3.0	3.0		
q4HuPoEQK_o	3.0	5.0	4.0	3.0		
ghKbryXRRAB	6.0	6.0	5.0	4.0		
o3iritJHLfO	7.0	6.0	5.0	8.0		
XOuAOv_-5Fx	4.0	6.0	4.0	5.0		
aUX5Plaq7Oy	7.0	6.0	6.0	7.0		
CU0APx9LMaL	5.0	7.0	6.0	6.0	4.0	
98ntbCuqf4i	4.0	6.0	5.0	3.0	4.0	
JyDnXkeJpjU	4.0	4.0	4.0	3.0		
HCa8gC_COVk	5.0	6.0	3.0	5.0		
ULQdiUTHe3y	5.0	7.0	6.0	8.0		
7IElVSrNm54	5.0	6.0	5.0	4.0		
1Kxxduqpd3E	4.0	4.0	4.0			
REKvFYIgwz9	5.0	4.0	4.0	2.0		
JYVODnDjU20	5.0	5.0	7.0	5.0		
H-AAaJ9v_lE	5.0	3.0	4.0			
0hMthVxlS89	4.0	4.0	4.0	5.0		
eBHq5irt-tk	5.0	4.0	6.0	6.0		
x6x7FWFNZpg	7.0	5.0	6.0	5.0		
6c6KZUdm1Nq	5.0	4.0	5.0			
_mQp5cr_iNy	7.0	6.0	5.0			
SNT0H2HbeRq	5.0	3.0	4.0	4.0		
_77KiX2VIEg	5.0	4.0	5.0	3.0		
4HGL3H9eL9U	6.0	7.0	5.0			
OGg9XnKxFAH	8.0	7.0	6.0	6.0		
Mos9F9kDwkz	9.0	6.0	8.0	9.0		
tw60PTRSda2	7.0	7.0	6.0	5.0		
chPj_I5KMHG	4.0	5.0	5.0	7.0		
tL89RnzIiCd	7.0	6.0	7.0			
34KAZ9HbJco	6.0	5.0	5.0	4.0	5.0	
awnQ2qTLSwn	3.0	8.0	8.0	4.0	4.0	
hypDstHla7	5.0	4.0	5.0			
guEuB3FPcd	5.0	7.0	6.0			
hBxSksqPuOg	4.0	6.0	4.0	5.0	4.0	
qYZD-AO1Vn	6.0	6.0	7.0			
xppLmXCbOw1	5.0	7.0	9.0	8.0		
eEeyRrKVfbL	7.0	6.0	6.0	5.0		
ONBPHFZ7zG4	8.0	5.0	8.0	5.0	6.0	
HK_B2K0026	5.0	6.0	5.0	4.0		
tUNXLHsIx3r	4.0	4.0	4.0	3.0		
5i4vRgoZauw	6.0	3.0	8.0	6.0		
tmvULc0laNv	4.0	3.0	2.0	3.0		
fcZIsyzF6g	1.0	3.0	2.0	3.0		
TuK6agbdt27	7.0	7.0	7.0	6.0		
1sJWR4y1lG	4.0	8.0	6.0	6.0		
xoHdgbQJohv	5.0	9.0	5.0	6.0		
Zc36Mbb8G6	4.0	6.0	7.0	6.0		
e6hMkY6MFcU	2.0	3.0	4.0			
rUm-WPEAQE	3.0	4.0	4.0	4.0	4.0	
xfNotLXwtQb	6.0	4.0	6.0	6.0		
GeOIKynj_V	4.0	4.0	5.0	2.0		
BIwkgTsSp_8	6.0	3.0	6.0	6.0		
gJYlaqL8i8	7.0	6.0	6.0			
0NQdxInFWT_	6.0	6.0	6.0			
b7ZRqEFXdQ	5.0	6.0	6.0	4.0		
eIPsmKwTrIe	2.0	4.0	2.0			
sgnp-qFYtN	5.0	5.0	9.0	7.0		
Wg2PSpLZiH	4.0	5.0	4.0	5.0		
Yj4mmVB_l6	4.0	4.0	4.0	6.0		
K4wkUp5xNK	4.0	4.0	5.0			
VRgITLy0l2	7.0	7.0	4.0	4.0		
NlrFDOgRRH	5.0	5.0	6.0	8.0	4.0	
DGttsPh502x	4.0	5.0	3.0	3.0		
snaT4xewUfX	6.0	7.0	7.0			
PUkhWz65dy5	8.0	7.0	7.0	6.0		
65_RUwah5kr	5.0	4.0	4.0	5.0	5.0	
Qpik5XBv_1-	5.0	4.0	10.0	2.0		
rvosiWfMoMR	2.0	4.0	5.0			
tV6oBfuyLTQ	7.0	7.0	6.0	7.0		
w6Vm1Vob0-X	7.0	7.0	4.0			
cbdp6RLk2r7	6.0	6.0	3.0	7.0	5.0	
EVV259WQuFG	7.0	5.0	5.0	6.0		
t86MwoUCCNe	6.0	6.0	7.0	7.0		
PTG9NdIn3wt	3.0	5.0	5.0	4.0		
yEnaS6yOkxy	5.0	5.0	5.0	4.0		
bi7nTZy4QmH	5.0	6.0	6.0	5.0		
pwwVuSICBgt	5.0	6.0	5.0	8.0		
9_J4DrgC_db	7.0	4.0	7.0	4.0		
BMua55nUyyt	4.0	7.0	4.0	4.0		
RrIqhkFEpec	7.0	6.0	4.0	6.0		
b4Phn_aTm_e	3.0	4.0	4.0			
EQtwFlmq7mx	4.0	3.0	3.0	4.0		
37Fh1MiR5Ze	4.0	5.0	4.0			
cR91FAodFMe	7.0	7.0	7.0	6.0		
-5VpoDCExrU	7.0	4.0	5.0	3.0		
PI_CwQparl_	3.0	4.0	3.0	2.0		
gZ2qq0oPvJR	4.0	6.0	8.0			
PmUGXmOY1wK	5.0	3.0	4.0	6.0	5.0	
K5j7D81ABvt	8.0	6.0	4.0	7.0		
uDN8pRAdsoC	5.0	4.0	5.0			
oVz-YWdiMjt	5.0	6.0	5.0	7.0		
DE0MSwKv32y	4.0	6.0	4.0	2.0		
auAe8kqRe7f	4.0	4.0	5.0			
aYbCpFNnHdh	4.0	4.0	4.0	6.0		
aia4HejvBmY	3.0	3.0	3.0	3.0	2.0	
mZLhA0xFGmR	5.0	5.0	4.0	4.0		
5NA1PinlGFu	5.0	7.0	6.0	7.0		
cef_G2hkiGc	3.0	4.0	2.0	6.0	4.0	
BW5PuV4V-rL	5.0	5.0	5.0	5.0	5.0	
IkYEJ5Cps5H	5.0	7.0	5.0	7.0		
SZ3wtsXfzQR	5.0	6.0	7.0	7.0		
4vDf4Qtodh	6.0	4.0	6.0	4.0		
gGDlZrfFq9d	6.0	6.0	6.0			
8PS8m9oYtNy	8.0	7.0	7.0	8.0		
0gfSzsRDZFw	6.0	4.0	4.0			
oxRaiMDSzwr	4.0	3.0	3.0	7.0		
ng0IIc1mbTu	6.0	5.0	3.0	7.0		
ysXk8cCHcQN	3.0	4.0	6.0			
OodqmQT3fir	6.0	6.0	6.0	7.0		
Oq79NOiZB1H	7.0	7.0	4.0	4.0		
YZ-NHPj6c6O	6.0	5.0	4.0	5.0		
hP-pn8bKffe	4.0	3.0	4.0			
kvhzKz-_DMF	7.0	8.0	4.0	4.0		
IqtonxWI0V3	6.0	6.0	8.0	6.0		
dx4b7lm8jMM	7.0	8.0	4.0	5.0		
160xFQdp7HR	8.0	5.0	4.0	3.0		
TVjLza1t4hI	7.0	6.0	7.0			
xTV-wQ-pMrU	4.0	4.0	4.0			
ARaF-70QBJ1	3.0	5.0	5.0	6.0		
2Ey_1FeNtOC	4.0	6.0	4.0	3.0		
2NU7a9AHo-6	5.0	5.0	3.0			
8W7LTo_zxdE	2.0	5.0	5.0	4.0		
oeHTRAehiFF	4.0	5.0	3.0	5.0		
9nIulvlci5	3.0	4.0	7.0			
Oi-Kh379U0	5.0	6.0	4.0	5.0		
D3TNqCspFpM	3.0	6.0	4.0	4.0		
vnlqCDH1b6n	6.0	5.0	5.0	8.0		
d2m6yCwyJW	5.0	4.0	5.0	3.0	7.0	
Xh5eMZVONGF	7.0	7.0	6.0	6.0		
BL4FZG2bCR7	4.0	4.0	4.0	3.0		
5Y21V0RDBV	6.0	6.0	6.0	7.0		
jjKzfD9vP9	7.0	6.0	5.0			
uUlGTEbBRL	6.0	5.0	5.0			
86PW5gch8VZ	2.0	4.0	4.0	2.0		
InGI-IMDL18	8.0	2.0	8.0	7.0		
mo3Uqtnvz_	3.0	4.0	4.0	5.0		
gQn5xeVtz0I	7.0	6.0	4.0	4.0		
L8BElg6Qldb	6.0	6.0	7.0			
6KZ_kUVCfTa	5.0	6.0	6.0	5.0		
lbHDMllIYI1	7.0	5.0	4.0	4.0		
UQz4_jo70Ci	3.0	3.0	5.0	4.0		
EArH-0iHhIq	6.0	6.0	5.0	3.0		
naSAkn2Xo46	5.0	3.0	5.0			
ANednkwrr8s	3.0	4.0	4.0	2.0		
ASAJvUPWaDI	7.0	6.0	4.0			
o6ndFLB1DST	5.0	6.0	4.0	4.0		
0xdQXkz69x9	6.0	6.0	4.0	6.0		
5L8XMh667qz	5.0	5.0	5.0			
p5uylG94S68	6.0	5.0	7.0	7.0	7.0	
04ArenGOz3	6.0	6.0	7.0	7.0		
NX1He-aFO_F	5.0	7.0	8.0			
MBOyiNnYthd	7.0	6.0	7.0	7.0		
xQLKXw1nhiD	3.0	4.0	5.0	6.0		
JI2TGOehNT0	5.0	5.0	6.0	4.0		
OCm0rwa1lx1	7.0	6.0	6.0	5.0		
4D4Rjrwaw3q	6.0	7.0	5.0	9.0		
GzMUD_GGvJN	3.0	3.0	4.0	4.0		
agHLCOBM5jP	6.0	7.0	7.0	6.0		
FP9kKyNWwwE	4.0	6.0	6.0	7.0	6.0	
ZVBtN6B_6i7	6.0	6.0	5.0			
bMzj6hXL2VJ	5.0	5.0	5.0	5.0		
1FvkSpWosOl	8.0	8.0	7.0	6.0		
n5ej38Vfuup	8.0	5.0	6.0	4.0		
tf8a4jDRFCv	6.0	3.0	6.0	5.0		
NomEDgIEBwE	7.0	6.0	7.0			
2234Pp-9ikZ	5.0	3.0	3.0			
M9hdyCNlWaf	6.0	6.0	6.0	5.0		
pOHW7EwFbo9	4.0	7.0	6.0			
rq_Qr0c1Hyo	8.0	7.0	7.0	7.0		
o7YTArVXdEW	5.0	3.0	5.0			
Q5ZxoD2LqcI	4.0	4.0	5.0	3.0		
WrNjg9tCLUt	6.0	6.0	4.0	6.0		
Wj4ODo0uyCF	7.0	9.0	7.0	8.0		
e-ZdxsIwweR	5.0	5.0	4.0	4.0		
Qun8fv4qSby	5.0	5.0	7.0	8.0		
PoP96DrBHnl	5.0	5.0	5.0	3.0		
1fLunL_hDj_	4.0	4.0	3.0	3.0		
oxnp2q-PGL4	6.0	6.0	5.0			
uFHwB6YTxXz	7.0	5.0	6.0	6.0		
cKnKJcTPRcV	6.0	5.0	4.0	6.0		
-qh0M9XWxnv	8.0	6.0	6.0	8.0		
S2UB9PkrEjF	6.0	4.0	5.0	5.0		
3zaVN0M0BIb	6.0	4.0	4.0	5.0		
tcjMxpMJc95	4.0	6.0	4.0			
rsf1z-JSj87	7.0	8.0	7.0	8.0		
ZsZM-4iMQkH	7.0	7.0	6.0			
mu0WNwWWWCE	4.0	7.0	5.0	4.0		
5fJ0qcwBNr0	4.0	4.0	3.0	4.0		
ZUW6N_SVKxq	6.0	5.0	6.0	7.0		
1P2KAvsE59b	5.0	5.0	7.0	5.0		
8CCwiOHx_17	6.0	5.0	4.0	7.0		
INhwJdJtxn6	4.0	4.0	5.0	8.0		
LxBFTZT3UOU	3.0	4.0	4.0	4.0		
YTyHkF4P03w	2.0	1.0	4.0	3.0		
TQt98Ya7UMP	7.0	7.0	7.0	6.0		
AM0PBmqmojH	6.0	6.0	7.0	5.0		
a0yodLze7gs	3.0	4.0	6.0	5.0	2.0	
GiEyS3CFHV_	5.0	4.0	5.0	4.0	4.0	
yvuk0RsLoP7	7.0	5.0	7.0	4.0		
QM4_h99pjCE	5.0	5.0	6.0	4.0	5.0	
lmTWnm3coJJ	5.0	6.0	5.0	6.0		
TaUJl6Kt3rW	4.0	4.0	6.0			
xnC8YwKUE3k	5.0	6.0	4.0	8.0		
389rLpWoOlG	3.0	4.0	4.0	3.0		
2d34y5bRWxB	6.0	6.0	6.0	6.0		
TqQ0oOzJlai	5.0	3.0	4.0	4.0		
zg4GtrVQAKo	5.0	6.0	6.0			
xiwHM0l55c3	4.0	3.0	2.0	3.0		
zKw2t3haCSX	5.0	3.0	2.0	4.0		
PpOtGYNVT6A	3.0	4.0	5.0	7.0		
0_ao8yS2eBw	4.0	5.0	4.0			
TMUR2ovJfjE	4.0	7.0	5.0	4.0		
TmkN9JmDJx1	6.0	3.0	5.0	4.0		
rd_bm8CK7o0	4.0	3.0	6.0	5.0		
pdsec2YIOCx	5.0	4.0	4.0	5.0		
jHykXSIk3ch	5.0	4.0	5.0			
czv8Ac3Kg7l	6.0	6.0	6.0			
enhd0P_ERBO	5.0	6.0	5.0			
w2Z2OwVNeK	6.0	7.0	7.0	3.0		
3InxcRQsYLf	4.0	4.0	4.0	4.0		
kJVVgJ-yCq	5.0	4.0	4.0	4.0		
8FRw857AYba	6.0	3.0	6.0	6.0		
bQNosljkHj	5.0	3.0	4.0	5.0		
-Hs_otp2RB	7.0	6.0	6.0	7.0		
6YuRviF_FC-	3.0	2.0	4.0			
QfEssgaXpm	5.0	5.0	6.0	6.0		
Jnspzp-oIZE	9.0	7.0	7.0	7.0		
DM6KlL7GeB	7.0	6.0	5.0			
trYkgJMOXhy	6.0	5.0	5.0	6.0		
NYLvNv8q4i	4.0	5.0	4.0	6.0		
bGPNpnZYr1	4.0	7.0	4.0	5.0		
4T489T4yav	7.0	7.0	6.0			
FUtMxDTJ_h	4.0	5.0	5.0	5.0		
EGdFhBzmAwB	6.0	6.0	7.0	8.0		
roNqYL0_XP	9.0	6.0	6.0	10.0		
nuwy7R_kemM	6.0	5.0	5.0	3.0		
t0TaKv0Gx6Z	6.0	6.0	8.0			
P0p33rgyoE	6.0	5.0	4.0	6.0		
eoQBpdMy81m	7.0	4.0	5.0	5.0		
JiYq3eqTKY	8.0	7.0	4.0	7.0		
PrvaKdJcKhX	4.0	6.0	4.0	6.0		
LmUJqB1Cz8	7.0	7.0	7.0	9.0		
N6SmiyDrkR5	5.0	6.0	3.0	8.0		
pHXfe1cOmA	6.0	6.0	6.0	7.0		
AHOs7Sm5H7R	6.0	7.0	8.0	6.0		
fdZvTFn8Yq	5.0	5.0	4.0	4.0		
a-_HfiIow3m	6.0	4.0	4.0	5.0		
6isfR3JCbi	8.0	7.0	6.0			
l_LGi6xeNT9	6.0	3.0	3.0	5.0		
lXoWPoi_40	6.0	5.0	4.0	3.0		
wU1yJ-n4et	3.0	5.0	4.0			
5slGDu_bVc6	5.0	3.0	4.0	4.0		
IX3Nnir2omJ	5.0	7.0	7.0			
jN8TTVCgOqf	5.0	6.0	5.0	4.0		
gQRTfX0B8d8	4.0	5.0	3.0	4.0		
KmykpuSrjcq	7.0	5.0	6.0	7.0		
AhgxLhJvbpS	5.0	5.0	5.0	4.0		
BntruCi1uvF	5.0	6.0	6.0	5.0		
Ec85b0tUwbA	8.0	7.0	6.0	7.0		
CHTHamtufWN	6.0	6.0	5.0	3.0		
WGWzwdjm8mS	5.0	5.0	5.0	7.0		
SP5RHi-rdlJ	3.0	4.0	5.0	5.0		
24-DxeAe2af	5.0	2.0	2.0	3.0		
O1pkU_4yWEt	3.0	4.0	4.0	5.0		
8bZC3CyF-f7	7.0	7.0	6.0	5.0		
1flmvXGGJaa	5.0	8.0	7.0	3.0		
pCTSbMFIeIS	4.0	3.0	5.0			
-N7PBXqOUJZ	8.0	5.0	6.0	6.0		
5PiSFHhRe2C	2.0	3.0	4.0			
Iuq6u10sCdl	2.0	3.0	2.0	2.0		
B9t708KMr9d	5.0	4.0	6.0	7.0		
Kzg0XmE6mxu	4.0	5.0	6.0	6.0		
JUc6-1xuOX	4.0	3.0	5.0	5.0		
WMUSP41HQWS	6.0	6.0	4.0	5.0		
2ioNazs6lvw	6.0	7.0	3.0			
sAX7Z7uIJ_Y	4.0	5.0	6.0	6.0		
88_MfcJoJlS	6.0	4.0	6.0			
TiGF63rxr8Q	5.0	5.0	5.0	7.0		
PQ2Cel-1rJh	7.0	5.0	5.0	6.0		
Rd138pWXMvG	9.0	7.0	6.0	6.0		
CJmMqnXthgX	4.0	3.0	4.0	4.0		
g4E6SAAvACo	5.0	5.0	4.0	6.0		
19drPzGV691	5.0	5.0	5.0	7.0		
3l4Dlrgm92Q	3.0	3.0	5.0			
-DRft_lKDqo	4.0	5.0	4.0	5.0		
GRbZ91LKIya	5.0	6.0	4.0	4.0		
ebS5NUfoMKL	6.0	6.0	9.0	5.0		
2rcgRSAa1A3	5.0	4.0	3.0	3.0		
EGVxmJKLC2L	7.0	6.0	5.0	5.0		
TGFO0DbD_pk	7.0	6.0	6.0			
fV2ScEA03Hg	5.0	6.0	4.0	3.0		
5l9zj5G7vDY	6.0	7.0	7.0	6.0		
yBJihVXahXc	6.0	5.0	5.0	6.0		
Peg7mkjzvyP	4.0	5.0	6.0			
lxHgXYN4bwl	8.0	8.0	6.0	9.0		
xoPj3G-OKNM	3.0	4.0	4.0	4.0		
nzpLWnVAyah	4.0	8.0	6.0	6.0		
54-QTuqSLyn	5.0	4.0	7.0	6.0		
Twf5rUVeU-I	5.0	5.0	4.0	5.0		
6FtFPKw8aLj	7.0	6.0	7.0	7.0		
rRFIni1CYmy	6.0	7.0	4.0			
meG3o0ttiAD	5.0	5.0	6.0			
jM76BCb6F9m	7.0	7.0	8.0	4.0		
53WS781RzT9	5.0	6.0	4.0	3.0		
Qr0aRliE_Hb	6.0	6.0	7.0			
cQzf26aA3vM	5.0	7.0	5.0	6.0		
RSn0s-T-qoy	5.0	5.0	5.0	6.0		
uqD-un_Mzd-	4.0	5.0	5.0	5.0		
krz7T0xU9Z_	8.0	5.0	8.0	7.0		
XKgo1UfNRx8	3.0	4.0	3.0	3.0		
BG9hcZ-wIEq	4.0	4.0	3.0	4.0		
7_G8JySGecm	7.0	4.0	6.0	7.0		
v_1Soh8QUNc	7.0	7.0	6.0			
G67PtYbCImX	5.0	4.0	8.0			
VCAXR34cp59	7.0	6.0	4.0			
IazZhsJK7wJ	4.0	3.0	4.0	2.0		
j0p8ASp9Br	5.0	6.0	7.0	3.0		
bXbt3Bvcyud	4.0	5.0	4.0	4.0		
kHromd7SNA	4.0	4.0	4.0	5.0		
wQRlSUZ5V7B	6.0	7.0	5.0	6.0		
AcH9xD24Hd	5.0	4.0	5.0	4.0		
J5LS3YJH7Zi	5.0	7.0	5.0	4.0		
Fmg_fQYUejf	7.0	7.0	7.0			
4qgEGwOtxU	4.0	4.0	5.0			
Rld-9OxQ6HU	7.0	7.0	6.0	7.0		
tqc8n6oHCtZ	6.0	4.0	5.0	5.0		
dkcJ_pwHW3	5.0	5.0	4.0			
hkMoYYEkBoI	5.0	6.0	8.0	8.0		
a2rFihIU7i	6.0	6.0	6.0	5.0	6.0	
u8APpiJX3u	4.0	3.0	4.0	4.0		
uHNEe2aR4qJ	4.0	4.0	6.0	4.0	5.0	
IUaOP8jQfHn	7.0	5.0	4.0	5.0		
xpFFI_NtgpW	7.0	7.0	6.0	4.0		
jH7wTMOYvbw	4.0	6.0	6.0	6.0		
UkxdauhUYnu	4.0	5.0	4.0			
9hgEG-k57Zj	3.0	5.0	4.0	6.0		
YzgAOeA67xX	5.0	6.0	5.0	5.0		
gvxJzw8kW4b	7.0	7.0	7.0			
vyY0jnWG-tK	6.0	7.0	6.0	7.0	7.0	
PhV-qfEi3Mr	4.0	5.0	3.0	5.0		
9WlOIHve8dU	6.0	3.0	7.0	4.0		
eHg0cXYigrT	3.0	7.0	4.0	3.0		
MbG7JBt0Yvo	6.0	4.0	3.0			
JVs1OrQgR3A	5.0	5.0	4.0	5.0		
pT9LLoqwiT9	5.0	6.0	5.0	5.0	4.0	
bK-rJMKrOsm	5.0	5.0	5.0	6.0		
69EFStdgTD2	6.0	5.0	7.0	3.0		
kE3vd639uRW	7.0	5.0	8.0	7.0		
4TSiOTkKe5P	6.0	6.0	7.0	6.0		
yvQKLaqNE6M	7.0	6.0	7.0			
kHSu4ebxFXY	8.0	6.0	7.0	4.0		
cvNYovr16SB	5.0	6.0	5.0			
V8kdi5dRiDg	4.0	5.0	6.0	5.0		
EoVmlONgI9e	6.0	4.0	5.0	6.0		
Ew0zR07CYRd	6.0	6.0	6.0	5.0		
NeRdBeTionN	7.0	7.0	7.0	7.0		
wXgk_iCiYGo	6.0	6.0	7.0	7.0		
euDnVs0Ynts	7.0	4.0	5.0	7.0		
Ud3DSz72nYR	7.0	8.0	7.0			
-u4j4dHeWQi	5.0	6.0	5.0	4.0		
fycxGdpCCmW	6.0	6.0	5.0	3.0		
6HlaJSlQFEj	7.0	3.0	6.0	3.0		
3u3ny6UYmjy	5.0	4.0	4.0	4.0		
fm58XfadSTF	5.0	5.0	5.0	5.0		
UvBPbpvHRj-	6.0	6.0	8.0	7.0		
x9C7Nlwgydy	4.0	5.0	5.0			
Gc4MQq-JIgj	7.0	5.0	4.0			
2CjEVW-RGOJ	6.0	5.0	6.0	6.0		
bEoxzW_EXsa	6.0	8.0	5.0			
TlS3LBoDj3Z	6.0	7.0	6.0	4.0		
ZaYZfu8pT_N	6.0	7.0	5.0	5.0		
S5S3eTEmouw	5.0	5.0	6.0	6.0		
OpUJ46CNv43	5.0	3.0	4.0	4.0		
JkfYjnOEo6M	7.0	6.0	8.0	6.0		
q_Q9MMGwSQu	6.0	4.0	5.0	4.0		
QHUUrieaqai	6.0	7.0	8.0	6.0		
iF81jBISQDV	5.0	4.0	4.0	6.0		
bodgPrarPUJ	8.0	6.0	6.0	7.0		
3tFAs5E-Pe	6.0	6.0	7.0	7.0		
3X4JzHq5fU5	4.0	4.0	3.0			
ZpNfWV6XcV1	4.0	4.0	4.0	4.0		
4f04RAhMUo6	6.0	4.0	6.0			
amRmtfpYgDt	4.0	5.0	5.0	5.0		
_XYzwxPIQu6	8.0	7.0	6.0	7.0		
0SPUQoRMAvc	5.0	7.0	6.0	4.0		
K6YbHUIWHOy	3.0	5.0	5.0	5.0		
FMdjYY6H8-Z	3.0	4.0	5.0			
tGZu6DlbreV	7.0	8.0	6.0	7.0		
0Su7gvitc1H	7.0	5.0	6.0			
VNJUTmR-CaZ	7.0	5.0	4.0			
6_FjMpi_ebO	4.0	5.0	4.0	5.0		
1MJPtHogkwX	5.0	5.0	5.0			
N0M_4BkQ05i	5.0	7.0	8.0	7.0		
0BaWDGvCa5p	4.0	6.0	6.0			
HNytlGv1VjG	4.0	4.0	5.0	4.0		
2LBhynkS2SC	5.0	6.0	5.0	6.0		
cfqJY583gim	4.0	4.0	3.0	4.0		
Ns8v4jHGyAV	4.0	4.0	8.0			
Ogga20D2HO-	6.0	6.0	7.0			
fTeb_adw5y4	6.0	2.0	5.0	7.0		
Ms51cV-vqFY	5.0	4.0	5.0			
2oci5kFXE0o	5.0	4.0	5.0			
_adSMszz_g9	3.0	4.0	5.0	6.0		
jznizqvr15J	7.0	7.0	7.0			
pD7kGiAQkNY	4.0	4.0	5.0	4.0		
IJxaSrLIbkx	8.0	5.0	6.0	5.0		
lJuOUWlAC8i	5.0	6.0	7.0			
hSjxQ3B7GWq	6.0	5.0	7.0	5.0		
ryUprTOv7q0	6.0	4.0	4.0	5.0	6.0	
whE31dn74cL	6.0	7.0	7.0	7.0		
cFpWC6ZMtmj	5.0	6.0	5.0			
VErQxgyrbfn	4.0	6.0	9.0	6.0		
Ma0S4RcfpR_	6.0	5.0	8.0	5.0		
fGF8qAqpXXG	7.0	7.0	7.0	7.0		
biH_IISPxYA	5.0	6.0	7.0			
KIfbqntFnOc	7.0	6.0	5.0	1.0		
_L6b4Qzn5bp	6.0	4.0	6.0			
IuBLMxWOXMR	6.0	3.0	4.0	4.0		
uBHs6zpY4in	7.0	9.0	5.0	6.0		
NHysmWivrHP	3.0	4.0	4.0			
pAj7zLJK05U	5.0	5.0	3.0	3.0		
M6PP1Gq076C	5.0	3.0	5.0	5.0		
5NsEIflpbSv	6.0	6.0	6.0	7.0		
0WWj8muw_rj	3.0	7.0	4.0	4.0		
6FsCHsZ66Fp	5.0	4.0	6.0	4.0		
_WnwtieRHxM	7.0	7.0	7.0	7.0		
WcdPUPkyffZ	6.0	4.0	5.0	5.0		
gYbimGJAENn	5.0	5.0	5.0	3.0		
eo6U4CAwVmg	7.0	7.0	6.0	6.0		
98fWAc-sFkv	8.0	4.0	6.0	7.0		
TLfjwEFI527	4.0	4.0	3.0	3.0		
D4A-v0kltaX	4.0	4.0	5.0	4.0		
AVKFuhH1Fo4	6.0	4.0	7.0	6.0		
mPmCP2CXc7p	9.0	4.0	3.0	4.0		
TfscevJuPNY	5.0	5.0	7.0	3.0		
zM6fevLxIhI	5.0	6.0	6.0	6.0		
y06VOYLcQXa	7.0	5.0	7.0	8.0		
3UDSdyIcBDA	8.0	8.0	6.0			
H8hgu4XsTXi	5.0	3.0	5.0	7.0		
SQ7EHTDyn9Y	5.0	6.0	6.0	5.0		
yoVo1fThmS1	8.0	5.0	6.0	4.0		
MD3D5UbTcb1	6.0	3.0	6.0	3.0	7.0	
p65lWYKpqKz	5.0	6.0	5.0	6.0	8.0	
7ODIasgLJlU	4.0	5.0	5.0	5.0		
kVZ6WBYazFq	6.0	7.0	6.0	5.0		
ac288vnG_7U	7.0	7.0	6.0			
GtiDFD1pxpz	5.0	5.0	5.0	4.0		
TDDZxmr6851	5.0	4.0	3.0			
Au1gNqq4brw	4.0	3.0	5.0	6.0	4.0	
zmgJIjyWSOw	4.0	3.0	4.0	5.0		
kxcpPjZm4rx	2.0	4.0	5.0	3.0		
3T9iFICe0Y9	6.0	7.0	6.0			
YjXnezbeCwG	5.0	4.0	5.0	5.0		
sAzh_FTFDxz	7.0	4.0	7.0	6.0		
4c3WeBTErrE	5.0	7.0	5.0	5.0		
4Un_FnHiN8C	4.0	5.0	4.0	5.0		
6jlNy83JUQ_	4.0	4.0	4.0	6.0		
aIg2i1IKv0w	4.0	4.0	5.0	5.0		
butEPeLARP_	4.0	5.0	7.0	5.0		
IU8QxEiG4hR	3.0	5.0	6.0	5.0		
uCY5MuAxcxU	8.0	7.0	7.0	7.0		
lNrtNGkr-vw	7.0	6.0	5.0			
9uvhpyQwzM_	5.0	6.0	7.0	6.0		
8xLkv08d70T	6.0	7.0	4.0	6.0		
CzRSsOG6JDw	4.0	4.0	5.0	5.0		
qClL9hRDSMZ	5.0	7.0	7.0	6.0	5.0	
VETJKjmyJyK	5.0	5.0	5.0	6.0	6.0	4.0
dx11_7vm5_r	7.0	7.0	7.0	6.0		
g1KmTQhOhag	4.0	3.0	4.0	5.0	3.0	
tiqI7w64JG2	7.0	5.0	8.0	7.0		
sojnduJtbfQ	5.0	4.0	4.0	5.0		
Uf_WNt41tUA	6.0	5.0	5.0	4.0		
AT7jak63NNK	5.0	4.0	5.0	6.0		
2hT6Fbbwh6	5.0	5.0	6.0			
n1wPkibo2R	5.0	6.0	7.0			
c3MWGN_cTf	5.0	8.0	5.0	6.0		
yfKOB5CO5dY	4.0	6.0	5.0	5.0		
klB-8BpR5N	3.0	7.0	3.0	3.0		
OZgVHzdKicb	5.0	4.0	5.0	5.0		
R3a2G2tSf3c	2.0	5.0	4.0	5.0		
NMgB4CVnMh	6.0	6.0	6.0	6.0	6.0	
9SS69KwomAM	7.0	6.0	5.0	3.0		
Ms9zjhVB5R	4.0	7.0	7.0			
DGIXvEAJVd	7.0	5.0	5.0	7.0		
XJk19XzGq2J	6.0	7.0	8.0	6.0		
wVYtfckXU0T	5.0	4.0	5.0	2.0		
rSwTMomgCz	5.0	4.0	6.0	7.0		
TV9INIrmtWN	4.0	4.0	4.0	6.0		
VJnrYcnRc6	7.0	6.0	10.0	7.0		
CPfjKI8Yzx	4.0	4.0	6.0	3.0		
qRdED5QjM9e	7.0	5.0	6.0			
a559vtwlvhh	4.0	4.0	4.0	3.0		
ZPa2SyGcbwh	7.0	8.0	7.0	8.0		
b-7nwWHFtw	2.0	4.0	5.0	4.0		
4LHz4IFGLQ-	3.0	4.0	5.0	5.0		
P63SQE0fVa	5.0	4.0	4.0	5.0		
kDnal_bbb-E	6.0	6.0	6.0	5.0		
eEn8KTtJOx	6.0	6.0	7.0			
B5VvQrI49Pa	7.0	6.0	6.0	6.0		
aRTRjVPkm-	5.0	4.0	4.0	4.0		
lvRTC669EY_	6.0	5.0	7.0	6.0		
VNpeIc3uc2	2.0	6.0	3.0			
r7L91opmsr	7.0	6.0	7.0	5.0		
cYr2OPNyTz7	6.0	5.0	6.0	4.0	5.0	
9ITXiTrAoT	8.0	7.0	6.0	7.0		
HHiiQKWsOcV	7.0	6.0	7.0	8.0		
iy3xVojOhV	4.0	5.0	5.0	5.0		
cy0jU8F60Hy	5.0	6.0	6.0			
RcJHy18g1M	6.0	5.0	4.0	3.0		
qcKh_Msv1GP	6.0	5.0	5.0	5.0		
fAbkE6ant2	7.0	7.0	6.0	6.0		
piek7LGx7j	6.0	6.0	6.0	6.0		
fgd7we_uZa6	6.0	7.0	6.0	8.0		
Og7kVwRVStV	5.0	4.0	5.0	5.0		
lH2ukHnGDdq	6.0	6.0	6.0	5.0	4.0	
k16LHiZVGmF	3.0	5.0	4.0			
GJkTaYTmzVS	5.0	3.0	4.0			
vY0bnzBBvtr	5.0	6.0	4.0	5.0		
RqCC_00Bg7V	7.0	5.0	6.0	6.0		
RDiiCiIH3_B	5.0	6.0	7.0			
cjk5mri_aOm	6.0	6.0	4.0	5.0		
T1XmO8ScKim	7.0	7.0	6.0	7.0		
3NemFmEq9jA	5.0	4.0	3.0	3.0		
3FAl0W6gZ_e	3.0	6.0	4.0	4.0		
gp5Uzbl-9C-	5.0	4.0	4.0	6.0		
GEpTemgn7cq	4.0	5.0	6.0	4.0		
TNkPBBYFkXg	6.0	6.0	7.0	7.0		
zdrls6LIX4W	6.0	6.0	6.0	5.0		
cmcwUBKeoUH	4.0	6.0	3.0			
6IVdytR2W90	3.0	3.0	4.0	3.0		
qkJevgi2Fp3	4.0	5.0	4.0	4.0		
_8EQ_gMAHFy	4.0	4.0	4.0	5.0		
Ov_sMNau-PF	9.0	5.0	6.0	7.0		
wMIdpzTmnct	5.0	3.0	4.0			
ml1LSu49FLZ	7.0	4.0	4.0			
VyENEGiEYAQ	6.0	2.0	5.0	6.0		
l-PrrQrK0QR	6.0	6.0	7.0	4.0		
1GTma8HwlYp	6.0	5.0	6.0	6.0		
6deUA11mOJ5	5.0	3.0	4.0			
OJiM1R3jAtZ	4.0	6.0	6.0	3.0	6.0	
sv2wC7Amb0s	3.0	5.0	3.0	4.0		
Lc28QAB4ypz	7.0	7.0	7.0	5.0		
Jq8JGA89sDa	5.0	6.0	5.0	5.0		
YHdeAO61l6T	7.0	6.0	6.0	6.0	6.0	
ymQ5aKjnfEh	6.0	4.0	4.0	4.0		
PYAFKBc8GL4	6.0	6.0	6.0	4.0		
pavee2r1N01	5.0	6.0	4.0			
HFJWWQP3ado	4.0	4.0	5.0	2.0		
TR-Nj6nFx42	5.0	7.0	7.0	6.0		
iTeUSEw5rl2	4.0	3.0	5.0	5.0		
7K0UUL9y9lE	5.0	6.0	6.0	2.0		
3LujMJM9EMp	7.0	4.0	6.0	5.0		
zx_uX-BO7CH	7.0	6.0	7.0	6.0		
RmB-zwXOIVC	5.0	6.0	8.0	5.0		
IOqr2ZyXHz1	4.0	4.0	3.0	2.0		
M_KwRsbhi5e	8.0	7.0	7.0	4.0		
P3WG6p6Jnb	4.0	4.0	3.0			
jk1094_ZiN	6.0	6.0	6.0	4.0		
PvVbsAmxdlZ	7.0	4.0	7.0	4.0		
Lnomatc-1s	6.0	6.0	4.0			
oweBPxtma_i	5.0	3.0	3.0			
xYJpCgSZff	5.0	7.0	6.0	3.0		
YEv8xafoAQ	4.0	6.0	6.0			
O7ms4LFdsX	7.0	7.0	7.0			
ahAUv8TI2Mz	6.0	7.0	6.0	7.0	5.0	
Shjmp-QK8Y-	4.0	5.0	3.0			
7MjfPd-Irao	4.0	4.0	4.0	7.0		
Py4VjN6V2JX	5.0	6.0	5.0	7.0		
Ua5yGJhfgAg	7.0	5.0	5.0	5.0		
Pd_oMxH8IlF	6.0	7.0	8.0			
_i3ASPp12WS	6.0	7.0	7.0			
yKYiyoHG4N3	4.0	7.0	5.0	6.0		
N6JECD-PI5w	7.0	6.0	6.0	7.0		
RVhzamxHBjP	3.0	4.0	5.0	4.0		
i7aDkDEXJQU	5.0	4.0	6.0	5.0		
ascdLuNQY4J	5.0	5.0	5.0	4.0		
E9W0QPxtZ_u	2.0	6.0	5.0			
cT0jK5VvFuS	5.0	5.0	8.0	5.0		
HIGSa_3kOx3	5.0	7.0	6.0	6.0		
vrCiOrqgl3B	4.0	6.0	5.0	7.0		
pW--cu2FCHY	4.0	6.0	5.0	4.0		
iqmOTi9J7E8	5.0	5.0	5.0			
oGq4d9TbyIA	6.0	6.0	5.0			
u2YNJPcQlwq	7.0	6.0	7.0	5.0		
IjIzIOkK2D6	5.0	5.0	3.0	5.0		
1yDrpckYHnN	5.0	5.0	5.0	7.0		
jz7tDvX6XYR	6.0	4.0	5.0	5.0		
JvPsKam58LX	4.0	6.0	3.0	4.0	5.0	
WJfIKDt8d2f	4.0	4.0	4.0	6.0		
Cn706AbJaKW	5.0	6.0	3.0	6.0		
UFGEelJkLu5	6.0	6.0	7.0	5.0		
7ZJPhriEdRQ	7.0	6.0	4.0	6.0		
4P35MfnBQIY	5.0	6.0	7.0	4.0		
gDikr8MVsMF	4.0	3.0	4.0	5.0		
-Qaj4_O3cO	5.0	6.0	6.0	6.0		
HW4aTJHx0X	5.0	4.0	4.0	5.0		
h2EbJ4_wMVq	7.0	7.0	7.0			
OmtmcPkkhT	9.0	8.0	6.0	6.0		
ptbb7olhGHd	4.0	5.0	7.0	5.0		
0aZG2VcWLY	3.0	5.0	7.0	3.0		
pD9x3TmLONE	4.0	4.0	5.0	4.0		
tJz_QUXB7C	6.0	5.0	6.0			
V6BjBgku7Ro	6.0	6.0	6.0	6.0		
yFJ67zTeI2	5.0	6.0	7.0	6.0		
opHLcXxYTC_	6.0	7.0	7.0			
8_7yhptEWD	4.0	3.0	6.0	4.0		
C5kn825mU19	5.0	4.0	6.0	7.0		
d8Q1mt2Ghw	6.0	5.0	5.0	7.0		
C_p3TDhOXW_	6.0	5.0	5.0			
v5gjXpmR8J	6.0	6.0	6.0	7.0		
BZeewPpFBI6	5.0	3.0	2.0	3.0		
VbLH04pRA3	6.0	6.0	7.0			
1yXhko8GZEE	6.0	5.0	4.0	7.0		
tW4QEInpni	7.0	8.0	7.0			
Pbj8H_jEHYv	7.0	7.0	7.0	8.0		
KYPz4YsCPj	5.0	6.0	6.0	7.0		
pRGF3Jtaie	8.0	4.0	6.0	3.0		
OjUsDdCpR5	4.0	6.0	7.0	5.0		
w_BtePbtmx4	6.0	4.0	5.0	6.0	7.0	
rUVFU1oyAoy	5.0	4.0	3.0	4.0		
qZzy5urZw9	7.0	7.0	6.0			
lVgB2FUbzuQ	9.0	7.0	7.0			
tH6_VWZjoq	6.0	7.0	7.0	6.0		
vcopnwZ7bC	6.0	6.0	4.0	6.0		
x2ywTOFM4xt	4.0	5.0	4.0			
yJHpncwG1B	6.0	5.0	6.0	5.0		
A-Sp6CR9-AA	5.0	6.0	5.0	3.0		
h8q8iZi-ks	4.0	4.0	6.0	3.0		
Al7Wpsy49g	2.0	6.0	4.0	6.0	5.0	4.0
bVzUDC_4ls	4.0	4.0	8.0	3.0		
trj4iYJpIvy	4.0	5.0	4.0	7.0		
cQmVjJ-4eXq	5.0	5.0	4.0	5.0		
SUyxNGzUsH	5.0	4.0	5.0	5.0		
RHY_9ZVcTa_	6.0	4.0	7.0	6.0		
SlprFTIQP3	7.0	6.0	6.0	5.0		
pbkSuhxdnZ	4.0	5.0	4.0	4.0		
xcd5iTC6J-W	4.0	3.0	5.0	5.0		
Rq31tXaqXq	3.0	3.0	4.0	3.0	3.0	
tYxG_OMs9WE	6.0	6.0	6.0	6.0		
hzkhOUll63	6.0	6.0	4.0			
RkqYJw5TMD7	7.0	3.0	4.0	5.0		
m5Qsh0kBQG	8.0	7.0	8.0	9.0		
KubHAaKdSr7	6.0	6.0	5.0	5.0		
WfY0jNndSn3	4.0	3.0	5.0	4.0		
bhCDO_cEGCz	6.0	7.0	7.0	6.0		
TETmEkko7e5	5.0	6.0	7.0	5.0	7.0	
wXBt-7VM2JE	3.0	8.0	5.0			
04LZCAxMSco	7.0	9.0	8.0			
2_Z6MECjPEa	7.0	7.0	3.0	7.0		
jQUf0TmN-oT	6.0	6.0	6.0	6.0		
c_E8kFWfhp0	7.0	7.0	7.0			
0migj5lyUZl	5.0	5.0	5.0			
SRzz6RtOdKR	3.0	4.0	4.0			
e3KNSdWFOfT	5.0	5.0	6.0	4.0		
_FXqMj7T0QQ	7.0	7.0	6.0	6.0		
RmcPm9m3tnk	6.0	6.0	4.0	6.0		
qSeqhriWKsn	6.0	5.0	6.0	6.0		
B9nDuDeanHK	5.0	5.0	3.0	6.0		
1OP1kReyL56	6.0	7.0	7.0	4.0		
OLOr1K5zbDu	6.0	5.0	5.0	6.0		
_kxlwvhOodK	6.0	5.0	6.0			
MmcywoW7PbJ	5.0	6.0	7.0	6.0		
wUUKCAmBx6q	2.0	4.0	4.0	3.0		
rJA5Pz7lHKb	7.0	7.0	7.0	8.0		
r1d-lFmO-cM	4.0	7.0	5.0			
i3Ui1Csrqpm	6.0	5.0	7.0	4.0		
e3bhF_p0T7c	4.0	4.0	5.0	3.0		
x1uGDeV6ter	4.0	4.0	3.0	4.0		
87ZwsaQNHPZ	7.0	7.0	7.0	7.0		
71zCSP_HuBN	7.0	4.0	7.0	6.0		
w_7JMpGZRh0	6.0	6.0	7.0	6.0		
uLwplzQgAk7	4.0	4.0	8.0	2.0		
hLr7JzDFQBn	4.0	4.0	4.0	5.0		
-RQVWPX73VP	3.0	2.0	4.0	3.0	4.0	
D_I6trPKwlt	7.0	4.0	7.0	5.0		
rAq9n49mUGl	4.0	4.0	3.0	4.0		
f6gtnqp4u6K	5.0	5.0	5.0	3.0		
LkFG3lB13U5	7.0	6.0	6.0	6.0		
3YdNZD5dMxI	6.0	4.0	8.0	6.0		
Dw8vAUKYq8C	7.0	6.0	5.0	4.0		
1AoMhc_9jER	6.0	6.0	6.0	8.0		
Z_TwEk_sP34	5.0	5.0	5.0	5.0		
PxTIG12RRHS	8.0	9.0	7.0	8.0		
DiQD7FWL233	6.0	6.0	7.0			
kNQSWUrUGI_	3.0	3.0	3.0	2.0		
hPWj1qduVw8	6.0	6.0	7.0			
IZIHJ-ME9c-	4.0	5.0	4.0	4.0		
hx0D7wn6qIy	5.0	5.0	6.0	4.0		
wiSgdeJ29ee	4.0	5.0	4.0	5.0	3.0	
O_PZRnYcUCm	4.0	5.0	5.0	6.0		
mhEd8uOyNTI	6.0	5.0	5.0	6.0	6.0	
Z4R1vxLbRLO	7.0	7.0	9.0			
bQf4aGhfmFx	3.0	8.0	5.0	7.0		
0Hj3tFCSjUd	8.0	5.0	5.0	5.0		
LxhlyKH6VP	4.0	5.0	7.0	5.0		
Twm9LnWK-zt	5.0	5.0	5.0	5.0	5.0	
4RbdgBh9gE	6.0	7.0	7.0	5.0		
F1vEjWK-lH_	8.0	6.0	7.0	6.0		
4ja9sJJygb	3.0	5.0	4.0	4.0	3.0	
1hkYtDXAgOZ	5.0	5.0	6.0	5.0		
xCcdBRQEDW	6.0	7.0	7.0	9.0		
JmnFvgMSjgg	5.0	5.0	4.0	5.0		
-ODN6SbiUU	6.0	5.0	6.0	9.0		
lJgbDxGhJ4r	7.0	4.0	5.0	4.0		
w8iCTOJvyD	6.0	4.0	5.0	7.0		
xP37gkVKa_0	5.0	5.0	5.0	5.0	5.0	
q8mp_buclp	4.0	5.0	5.0	2.0		
TJSOfuZEd1B	5.0	6.0	4.0	5.0	6.0	
gkOYZpeGEK	4.0	5.0	5.0	6.0		
Nq5zyAUD65	2.0	4.0	5.0	4.0		
F9sPTWSKznC	6.0	7.0	4.0	4.0		
bjkX6Kzb5H	6.0	5.0	7.0	6.0	4.0	
cU0a02VF8ZG	7.0	5.0	5.0	5.0		
FzGiUKN4aBp	4.0	5.0	3.0	5.0		
aa0705s2Qc	6.0	5.0	6.0	6.0		
Ozk9MrX1hvA	6.0	7.0	5.0			
KvyxFqZS_D	9.0	7.0	7.0	7.0		
Hrtbm8u0RXu	7.0	6.0	5.0			
yoem5ud2vb	5.0	3.0	5.0	4.0		
KcLlh3Qe7KU	4.0	7.0	5.0	4.0		
EQfpYwF3-b	5.0	4.0	7.0			
m4UCf24r0Y	6.0	6.0	8.0	6.0		
uKZsVyFKbaj	5.0	3.0	5.0	6.0		
Ti87Pv5Oc8	7.0	5.0	7.0	7.0		
9r30XCjf5Dt	6.0	6.0	7.0	6.0		
ZTFeSBIX9C	7.0	7.0	6.0			
W0MKrbVOxtd	4.0	8.0	4.0	4.0		
PKubaeJkw3	7.0	10.0	7.0	7.0		
okT7QRhSYBw	3.0	3.0	3.0	3.0		
QYjO70ACDK	9.0	7.0	7.0			
1IBgFQbj7y	5.0	4.0	5.0	3.0		
uFkGzn9RId8	5.0	6.0	7.0	7.0		
0XXpJ4OtjW	7.0	6.0	9.0			
t5lNr0Lw84H	6.0	3.0	4.0	4.0		
b9PoimzZFJ	6.0	6.0	8.0	8.0		
21aG-pxQWa	4.0	5.0	6.0			
pQq3oLH9UmL	4.0	4.0	5.0	4.0		
unRf7cz1o1	6.0	5.0	4.0	4.0		
H6ATjJ0TKdf	6.0	8.0	5.0	7.0		
3UTezOEABr	4.0	3.0	4.0			
FOR2VqgJXb	4.0	4.0	7.0			
uV7hcsjqM-	4.0	6.0	6.0			
n1HD8M6WGn	7.0	7.0	5.0	5.0		
pBDwTjmdDo	5.0	4.0	4.0	5.0		
-M0QkvBGTTq	7.0	7.0	9.0	3.0	3.0	
nlWgE3A-iS	4.0	5.0	6.0	4.0		
Uh0T_Q0pg7r	6.0	6.0	4.0			
ME1ugH3uXr	4.0	4.0	5.0	4.0		
5IxMM3wSLDm	6.0	3.0	4.0			
5K8ZG9twKY	6.0	6.0	5.0	6.0		
I8nahMfPixC	6.0	3.0	2.0	7.0		
yWkP7JuHX1	8.0	8.0	6.0			
m2ZxDprKYlO	6.0	6.0	5.0			
B8fp0LVMHa	6.0	6.0	6.0	4.0		
qiydAcw6Re	4.0	5.0	7.0			
WZnVnlFBKFj	5.0	5.0	5.0	6.0		
87Ti3dufEv	6.0	5.0	5.0	5.0		
uOjm_xqKEoX	2.0	6.0	4.0	6.0	5.0	
o2N6AYOp31	5.0	4.0	4.0			
_zx8Oka09eF	6.0	5.0	4.0			
X6_vet6HWX	4.0	5.0	5.0	3.0		
uUTx2LOBMV	6.0	4.0	7.0	5.0		
mUU6jPGuvjx	6.0	4.0	5.0	4.0		
6BWY3yDdDi	4.0	3.0	7.0	5.0		
yN18f9V1Onp	5.0	5.0	4.0	4.0	5.0	
jP1vTH3inC	6.0	7.0	7.0	6.0		
qyVbUbYL2C	5.0	4.0	4.0			
mzfqkPOhVI4	5.0	3.0	3.0	3.0		
49V11oUejQ	5.0	5.0	5.0	6.0		
7AQUzh5ntX_	6.0	4.0	4.0	3.0		
TUFwWlAL8r	4.0	4.0	4.0	4.0		
Q9U_H8lQ4yV	4.0	5.0	5.0	6.0		
c8X4F8jyxo0	5.0	5.0	5.0	4.0		
V2v7QcVkbhH	5.0	5.0	6.0	3.0		
GIeGTl8EYx	6.0	7.0	5.0	5.0		
IgIk8RRT-Z	4.0	5.0	6.0	6.0		
l-kqekaFvI9	5.0	4.0	3.0	4.0		
16WMyqeYgw	5.0	5.0	4.0	2.0		
W1uVrPNO8Bw	4.0	7.0	3.0			
r7qgus1bZ2	4.0	5.0	4.0			
D2Fp_qheYu	7.0	6.0	5.0			
MMXhHXbNsa-	6.0	6.0	6.0			
QcqsxI6rKDs	4.0	5.0	6.0	4.0		
mCtadqIxOJ	7.0	6.0	7.0	7.0		
Xxli_LIvYI	5.0	6.0	5.0			
wWK7yXkULyh	7.0	7.0	7.0	8.0		
Qe_de8HpWK	4.0	2.0	3.0	3.0		
TYXs_y84xRj	6.0	8.0	3.0	6.0		
Rw_vo-wIAa	4.0	3.0	5.0	5.0		
lbc44k2jgnX	4.0	4.0	7.0	6.0		
DsbhGImWjF	6.0	5.0	4.0	5.0		
RdhjoXl-SDG	6.0	6.0	5.0			
J4XaMT9OcZ	5.0	3.0	2.0	4.0		
Cnon5ezMHtu	4.0	6.0	8.0	6.0		
8qDwejCuCN	6.0	6.0	6.0	8.0		
loe6h28yoq	4.0	5.0	6.0	5.0	3.0	
67ChnrC0ybo	4.0	5.0	4.0	6.0		
ERAQ5ZCP9t	3.0	3.0	3.0	3.0		
wJj5gUHKhJs	5.0	4.0	5.0	4.0		
KJNcAkY8tY4	6.0	8.0	6.0	7.0		
cu7IUiOhujH	6.0	5.0	7.0	6.0		
zgMPc_48Zb	6.0	4.0	4.0			
D4QFCXGe_z2	5.0	4.0	4.0			
u15gHPQViL	3.0	4.0	3.0	4.0		
TPFhIknddKX	5.0	6.0	3.0	3.0		
7eD88byszZ	7.0	4.0	5.0	3.0		
rVdLv-uzYup	4.0	4.0	5.0	4.0		
bnY0jm4l59	6.0	8.0	7.0	7.0		
Ysuv-WOFeKR	9.0	6.0	7.0	8.0		
tlV90jvZbw	8.0	6.0	4.0	7.0		
RrSuwzJfMQN	3.0	3.0	3.0	5.0	5.0	
pAJ3svHLDV	3.0	6.0	6.0			
F8whUO8HNbP	6.0	6.0	6.0	7.0		
xEpUl1um6V	4.0	5.0	5.0	4.0		
kWSeGEeHvF8	6.0	6.0	7.0	7.0		
UoAFJMzCNM	5.0	4.0	5.0			
xOBMyvoMQw8	5.0	4.0	6.0			
3k20LAiHYL2	4.0	7.0	8.0	8.0		
8E1-f3VhX1o	6.0	6.0	7.0	7.0		
rQYyXqHPgZR	4.0	4.0	3.0	2.0		
jcN7a3yZeQc	5.0	3.0	3.0	4.0		
t4EWDRLHwcZ	5.0	5.0	8.0	6.0		
_X_4Akcd8Re	6.0	7.0	6.0	7.0		
a3wKPZpGtCF	5.0	7.0	7.0	7.0		
u_bGm5lrm72	5.0	3.0	6.0			
1TIrbngpW0x	4.0	7.0	5.0	4.0		
mb2L9vL-MjI	5.0	5.0	5.0	5.0		
ABZSAe9gNeg	4.0	4.0	4.0			
dgd4EJqsbW5	6.0	6.0	6.0			
sRA5rLNpmQc	5.0	7.0	6.0	5.0		
Tio_oO2ga3u	3.0	5.0	8.0	6.0		
_TM6rT7tXke	6.0	7.0	6.0	7.0		
TRgh1LjcBvt	5.0	3.0	4.0	2.0		
E3SWxn0cDBG	6.0	4.0	7.0	5.0		
apiI1ySCSSR	5.0	6.0	6.0			
MwxaStJXK6v	5.0	6.0	4.0	6.0		
0vO-u0sucRF	4.0	4.0	5.0	5.0		
T4gXBOXoIUr	5.0	6.0	4.0			
qFQTP00Q0kp	6.0	5.0	5.0			
E6fb6ehhLh8	4.0	7.0	6.0	7.0		
V0IkICKUptb	4.0	3.0	4.0	4.0		
hecuSLbL_vC	5.0	6.0	5.0			
ijJZbomCJIm	6.0	6.0	6.0	7.0		
UHGbeVORAAf	4.0	4.0	5.0	4.0		
v9hAX77--cZ	5.0	7.0	7.0	8.0		
6UurSaf08jx	4.0	4.0	6.0			
hWr3e3r-oH5	6.0	6.0	6.0	7.0		
ClZ4IcqnFXB	7.0	5.0	4.0	6.0		
4cC0HFuVd2d	6.0	6.0	7.0			
Tq_H_EDK-wa	7.0	5.0	4.0	3.0		
zleOqnAUZzl	5.0	5.0	6.0	4.0		
BUlyHkzjgmA	7.0	7.0	6.0	6.0		
paUVOwaXTAR	4.0	4.0	5.0	4.0		
k2TyMLwuikx	5.0	3.0	5.0	5.0		
OItp-Avs6Iy	5.0	5.0	6.0	6.0		
Z_3x5eFk1l-	3.0	4.0	4.0	6.0	5.0	
c5QbJ1zob73	3.0	7.0	5.0	8.0	6.0	
DlPnp5_1JMI	6.0	6.0	7.0	5.0		
TCAmP8zKZ6k	6.0	6.0	4.0	6.0		
I-VfjSBzi36	3.0	5.0	7.0	6.0	5.0	
yT7-k6Q6gda	5.0	6.0	6.0	6.0		
BKIS2NCUro9	4.0	3.0	5.0	4.0		
dOiHyqVaFkg	5.0	2.0	7.0	6.0	5.0	
MyHwDabUHZm	7.0	7.0	7.0	4.0		
JCRblSgs34Z	4.0	3.0	5.0	8.0		
Fa3a14yX8zA	4.0	4.0	6.0	5.0		
OAdGsaptOXy	7.0	4.0	6.0	5.0		
iOnhIy-a-0n	5.0	7.0	7.0	6.0		
GafvgJTFkgb	5.0	5.0	7.0			
H8VDvtm1ij8	3.0	4.0	5.0	7.0		
wl0Kr_jqM2a	5.0	5.0	5.0	4.0		
-YCAwPdyPKw	5.0	6.0	6.0	6.0		
arNvQ7QRyVb	6.0	3.0	6.0	7.0		
daLIpc7vQ2q	5.0	5.0	5.0	4.0		
3EM0a2wC-jo	7.0	6.0	6.0	4.0		
jnMjOctlfbZ	5.0	6.0	4.0			
8znruLfUZnT	4.0	3.0	4.0			
Zu3iPlzCe9J	4.0	4.0	6.0	3.0		
Pzj6fzU6wkj	6.0	9.0	7.0	6.0		
_0kaDkv3dVf	7.0	7.0	6.0	7.0		
IqZpoAAt2oQ	5.0	5.0	5.0	5.0		
o1O5nc48rn	4.0	5.0	5.0	7.0		
hx1IXFHAw7R	7.0	6.0	5.0	7.0		
hJmtwocEqzc	7.0	6.0	7.0			
7t1FcJUWhi3	5.0	7.0	7.0			
F_txysyDFbw	3.0	5.0	5.0			
1cEEqSp9kXV	5.0	5.0	6.0	6.0		
CYO5T-YjWZV	5.0	6.0	6.0	7.0		
HgLO8yalfwc	7.0	8.0	6.0	7.0	6.0	
zCu1BZYCueE	5.0	4.0	4.0	5.0		
UJRFjuJDsIO	3.0	5.0	3.0	6.0		
t3S-7WMOXA-	4.0	4.0	3.0	3.0		
Kz42iQirPJI	4.0	5.0	6.0	5.0		
-5W5OBfFlwX	4.0	4.0	4.0			
LhY8QdUGSuw	7.0	6.0	6.0	7.0		
PghuCwnjF6y	5.0	5.0	7.0	3.0		
o81ZyBCojoA	6.0	6.0	6.0	6.0		
mfJepDyIUcQ	5.0	7.0	7.0	3.0		
9l9WD4ahJgs	7.0	4.0	7.0	6.0		
30EvkP2aQLD	8.0	7.0	8.0	7.0		
AZWHo-jkA_Q	2.0	2.0	4.0	4.0		
uELnyih9gqb	7.0	5.0	7.0	4.0		
ZHJlKWN57EQ	3.0	5.0	6.0	3.0		
NTP9OdaT6nm	6.0	5.0	6.0	6.0		
0qbEq5UBfGD	4.0	5.0	6.0	4.0		
4artD3N3xB0	5.0	6.0	4.0			
MCe-j2-mVnA	5.0	4.0	7.0			
gRr_gt5bker	7.0	5.0	4.0			
42kiJ7n_8xO	7.0	7.0	7.0	8.0	5.0	
qUzxZj13RWY	5.0	4.0	4.0	3.0		
JU8ceIgm5xB	6.0	5.0	5.0			
zrT3HcsWSAt	8.0	7.0	6.0			
VlRqY4sV9FO	5.0	3.0	7.0	4.0		
-kigPjfTIGd	7.0	3.0	6.0	3.0	6.0	
2AL06y9cDE-	7.0	7.0	6.0	7.0		
MBpHUFrcG2x	4.0	7.0	6.0			
4q8qGBf4Zxb	6.0	4.0	4.0	4.0		
8yKEo06dKNo	8.0	7.0	7.0	6.0		
fSTD6NFIW_b	5.0	6.0	8.0	6.0		
ohdw3t-8VCY	7.0	5.0	7.0	6.0		
4NNQ3l2hbN0	4.0	4.0	4.0	3.0		
p8agn6bmTbr	7.0	3.0	7.0	7.0		
wabe-NE8-AX	4.0	7.0	4.0	5.0		
yxB3sPaqlCZ	2.0	5.0	5.0			
R0a0kFI3dJx	5.0	6.0	7.0	7.0		
LSFCEb3GYU7	7.0	7.0	7.0	5.0		
lfJpQn3xPV-	3.0	5.0	5.0	5.0		
JydXRRDoDTv	4.0	5.0	6.0	7.0		
OPyWRrcjVQw	7.0	7.0	8.0	6.0		
7WwYBADS3E_	4.0	5.0	4.0	4.0		
QFYnKlBJYR	8.0	6.0	6.0	3.0		
cYek5NoXNiX	5.0	5.0	7.0	8.0		
JBAa9we1AL	7.0	7.0	7.0			
NcFEZOi-rLa	7.0	6.0	4.0	4.0		
qbRv1k2AcH	4.0	6.0	6.0	6.0	6.0	
Iw4ZGwenbXf	6.0	6.0	6.0	4.0		
JHx9ZDCQEA	6.0	6.0	7.0	5.0		
DktZb97_Fx	7.0	7.0	7.0	7.0		
rC8sJ4i6kaH	9.0	7.0	9.0	7.0		
VbCVU10R7K	6.0	6.0	5.0			
Ovp8dvB8IBH	9.0	7.0	6.0	6.0		
M4qXqdw3xC	3.0	8.0	7.0	3.0		
jHefDGsorp5	8.0	7.0	6.0	7.0		
Y9NIGVYXTuz	4.0	5.0	3.0	5.0		
vT0NSQlTA	5.0	4.0	6.0	6.0		
ATgKbzY1UPh	6.0	7.0	4.0	6.0		
_Ea-ECV6Vkm	5.0	5.0	5.0			
36G2rwDbk1k	3.0	5.0	4.0			
Ux5zdAir9-U	5.0	6.0	4.0	5.0		
X5ivSy4AHx	6.0	5.0	6.0	4.0		
VcB4QkSfyO	5.0	5.0	7.0	6.0	6.0	
lE1AB4stmX	4.0	4.0	4.0	4.0		
Atpv9GUhRt6	7.0	5.0	2.0	5.0		
3q5IqUrkcF	6.0	6.0	7.0			
US-TP-xnXI	6.0	8.0	6.0	7.0		
IW-EI6BCxy	6.0	6.0	6.0	5.0		
YCXrx6rRCXO	5.0	7.0	6.0	7.0	6.0	
23ZjUGpjcc	6.0	7.0	7.0	5.0		
C1VUD8RZ5wq	5.0	4.0	4.0	4.0		
rI3RMgDkZqJ	5.0	6.0	5.0	7.0		
lqU2cs3Zca	6.0	7.0	8.0	7.0		
99M-4QlinPr	5.0	3.0	5.0	7.0		
1AyPW2Emp6	5.0	4.0	6.0			
YdFV691VRcg	4.0	4.0	4.0	4.0		
IFqrg1p5Bc	7.0	5.0	6.0	7.0		
padYzanQNbg	3.0	6.0	5.0	4.0		
iWLByfvUhN	8.0	6.0	7.0	7.0		
C3qvk5IQIJY	6.0	7.0	6.0	4.0		
A2gNouoXE7	6.0	8.0	6.0			
YUGG2tFuPM	4.0	8.0	6.0	7.0		
wb3wxCObbRT	8.0	7.0	7.0	7.0		
uFBBOJ7xnu	6.0	5.0	4.0	6.0		
Px7xIKHjmMS	5.0	8.0	5.0	4.0		
ADwLLmSda3	4.0	6.0	4.0			
NgZKCRKaY3J	5.0	7.0	4.0	4.0		
MPO4oML_JC	5.0	5.0	6.0	4.0		
HWX5j6Bv_ih	6.0	3.0	6.0	5.0		
9GBZBPn0Jx	6.0	6.0	5.0	8.0		
_cadenVdKzF	5.0	4.0	5.0			
y_pDlU_FLS	5.0	5.0	5.0	8.0		
4JLiaohIk9	6.0	4.0	5.0	4.0		
4dFyyAdWbis	2.0	6.0	6.0			
LNtTXJ9XXr	7.0	7.0	6.0	5.0		
HjD70ArLTQt	4.0	4.0	5.0	6.0		
O6LPudowNQm	7.0	7.0	6.0	6.0		
lgNx56yZh8a	7.0	7.0	8.0	6.0		
2HLTMwxOxwe	5.0	3.0	6.0	8.0		
1NRMmEUyXMu	5.0	5.0	7.0	6.0		
q-qxdClTs0d	4.0	7.0	6.0	4.0		
XEyElxd9zji	4.0	7.0	7.0	7.0		
HMEiDPTOTmY	6.0	4.0	4.0	6.0		
l35SB-_raSQ	7.0	5.0	8.0	6.0		
bkincnjT8zx	4.0	8.0	5.0	5.0		
3-a23gHXQmr	5.0	5.0	4.0	5.0		
dzZaIeG9-fW	3.0	5.0	5.0	5.0		
W3Wf_wKmqm9	5.0	6.0	6.0	6.0		
O-XJwyoIF-k	7.0	7.0	7.0	8.0		
W1G1JZEIy5_	6.0	6.0	6.0			
bB2drc7DPuB	7.0	7.0	7.0	7.0		
sfgcqgOm2F_	6.0	5.0	5.0	5.0		
guetrIHLFGI	5.0	4.0	6.0	7.0		
nMefdZyJ7ie	4.0	4.0	5.0	6.0		
ls8D_-g8-ne	6.0	5.0	4.0	3.0		
udbMZR1cKE6	6.0	5.0	6.0	7.0	6.0	
aKt7FHPQxVV	5.0	5.0	5.0	6.0		
IUYthV32lbK	6.0	5.0	4.0	5.0		
8KhxoxKP3iL	5.0	4.0	3.0	5.0		
eyXknI5scWu	6.0	4.0	7.0	6.0		
vYVI1CHPaQg	9.0	7.0	6.0	5.0		
T3kmOP_cMFB	4.0	4.0	8.0	4.0		
Sm_4MDxPWXf	5.0	6.0	4.0	4.0		
9FWas6YbmB3	6.0	7.0	6.0	5.0		
w6p7UMtf-0S	6.0	6.0	5.0	5.0		
FmMKSO4e8JK	8.0	6.0	6.0			
enoVQWLsfyL	7.0	7.0	6.0	6.0		
vXj_ucZQ4hA	6.0	6.0	7.0			
LT0KSFnQDWF	5.0	6.0	3.0	4.0		
Lq1srMWfUAi	3.0	2.0	6.0			
pPqvD4E-3br	5.0	6.0	4.0			
6y3-wzlGHkb	7.0	6.0	5.0	5.0		
CHLhSw9pSw8	8.0	3.0	6.0	7.0		
G0VouKj9HUG	4.0	7.0	5.0			
npkSFg-ktnW	3.0	5.0	3.0	4.0		
xfmSoxdxFCG	7.0	7.0	7.0			
jNTeYscgSw8	4.0	6.0	3.0	5.0		
RmB-88r9dL	5.0	6.0	9.0			
kmBFHJ5pr0o	5.0	5.0	8.0	4.0		
LGgdb4TS4Z	7.0	8.0	5.0	6.0		
ajOrOhQOsYx	6.0	8.0	8.0	6.0		
OLrVttqVt2	5.0	6.0	7.0	3.0		
oh71uL93yay	5.0	3.0	5.0	6.0		
px0-N3_KjA	6.0	6.0	6.0	2.0		
dKg5D1Z1Lm	8.0	7.0	6.0	7.0		
GVNGAaY2Dr1	6.0	7.0	6.0	5.0		
GWMFRQXSbw	4.0	4.0	4.0	3.0		
9YlaeLfuhJF	8.0	7.0	7.0	7.0		
26WnoE4hjS	5.0	4.0	6.0	5.0		
GBjukBaBLXK	4.0	7.0	4.0	8.0		
fw-BHZ1KjxJ	3.0	7.0	7.0	7.0		
CVZMcRg_bd	3.0	5.0	4.0	4.0		
snOgiCYZgJ7	6.0	7.0	6.0	6.0		
Y-Wl1l0Va-	6.0	6.0	6.0	6.0		
_ptUyYP19mP	5.0	4.0	7.0	9.0	8.0	
6GkL6qM3LV	3.0	7.0	5.0	4.0		
vVjIW3sEc1s	7.0	6.0	6.0	8.0	7.0	
JRJTVcG0f-N	5.0	5.0	3.0	4.0		
taQNxF9Sj6	7.0	7.0	4.0			
R6tNszN_QfA	4.0	6.0	4.0	7.0		
jwgZh4Y4U7	6.0	3.0	6.0			
8wa7HrUsElL	7.0	6.0	6.0	3.0		
ZwZ3sc0qad	4.0	7.0	4.0	4.0		
NzTU59SYbNq	8.0	8.0	7.0			
gl3D-xY7wLq	7.0	5.0	6.0	8.0		
yUxUNaj2Sl	6.0	7.0	9.0	6.0		
LXMSvPmsm0g	5.0	7.0	8.0			
rYt0p0Um9r	6.0	6.0	5.0	5.0		
qOCdZn3lQIJ	5.0	2.0	4.0	6.0		
Kr7CrZPPPo	6.0	5.0	4.0	4.0		
kmN6SQIjk-r	6.0	5.0	2.0	3.0		
MjvduJCsE4	5.0	6.0	7.0	6.0		
TK_6nNb_C7q	7.0	7.0	6.0	7.0		
s9788-pPB2	4.0	6.0	5.0			
RepN5K31PT3	4.0	5.0	4.0			
ujmgfuxSLrO	6.0	7.0	6.0	6.0		
nkIDwI6oO4_	7.0	7.0	7.0	6.0		
OSynkDOWbk2	4.0	6.0	4.0	6.0		
B5bZp0m7jZd	6.0	4.0	5.0			
j6rILItz4yr	6.0	4.0	4.0	5.0		
edku48LG0pT	3.0	6.0	6.0	6.0		
gBpYGXH9J7F	5.0	5.0	7.0	5.0		
1ibNKMp8SKc	3.0	7.0	6.0			
QnzSSoqmAvB	3.0	4.0	6.0	5.0	7.0	
MA8eT-vUPvZ	6.0	7.0	5.0			
cAvgPMAA3hb	7.0	6.0	5.0	4.0		
LFjnKhTNNQD	5.0	3.0	6.0	5.0	5.0	
_ojjh-QFiFr	4.0	5.0	5.0	4.0		
nsZGadY22N4	3.0	8.0	5.0	5.0		
L2LEB4vd9Qw	7.0	6.0	5.0	5.0		
zElset1Klrp	7.0	7.0	7.0	7.0		
WqXAKcwfZtI	5.0	5.0	4.0	5.0		
BvrKnFq_454	5.0	4.0	3.0	5.0		
dgtpE6gKjHn	6.0	7.0	5.0	5.0		
wTWLfuDkvKp	4.0	6.0	6.0	5.0		
xpx9zj7CUlY	7.0	8.0	8.0	7.0		
jpDaS6jQvcr	4.0	4.0	3.0	3.0		
SOVSJZ9PTO7	5.0	6.0	5.0	5.0		
avBunqDXFS	5.0	6.0	7.0	4.0		
Bi2OvVf1KPn	4.0	4.0	5.0	3.0		
_Tf6jEzbH9	7.0	5.0	5.0	6.0		
INXUNEmgbnx	5.0	5.0	4.0	4.0		
7uVcpu-gMD	5.0	6.0	6.0	8.0		
j0yLJ-MsgJ	5.0	4.0	5.0	5.0		
-bxf89v3Nx	7.0	9.0	5.0			
m0ECRXO6QlP	6.0	4.0	4.0	4.0		
3jjmdp7Hha	6.0	7.0	7.0	6.0		
3jJKpFbLkU2	5.0	6.0	6.0	5.0		
wqRvVvMbJAT	4.0	4.0	4.0	4.0		
MY5iHZ0IZXl	6.0	6.0	6.0	6.0		
uUAuBTcIIwq	6.0	5.0	5.0	6.0		
KIS8jqLp4fQ	7.0	5.0	4.0	6.0		
ep81NLpHeos	5.0	3.0	4.0	4.0		
jN5y-zb5Q7m	7.0	7.0	6.0			
ygWoT6hOc28	6.0	5.0	6.0	6.0		
DFIoGDZejIB	5.0	6.0	7.0	4.0	5.0	
d7KBjmI3GmQ	6.0	8.0	5.0	6.0		
7_MJnN-U9hm	5.0	5.0	3.0	5.0	7.0	
0Jr4rjA6glk	7.0	4.0	7.0			
ixpSxO9flk3	7.0	8.0	4.0			
xtKFuhfK1tK	5.0	6.0	4.0	4.0		
zsKWh2pRSBK	7.0	5.0	5.0	2.0		
HMqNjkBEqP4	5.0	4.0	7.0			
jWkw45-9AbL	7.0	7.0	7.0			
BeDgBhZP7S	5.0	4.0	5.0			
dNy_RKzJacY	6.0	6.0	7.0	6.0		
WUTkGqErZ9	4.0	4.0	5.0			
Jf24xdaAwF9	6.0	4.0	5.0	5.0		
moKjka2UOC	5.0	5.0	6.0	6.0	4.0	
PkqwRo2wjuW	3.0	6.0	5.0	4.0		
QSMvGB5j5-	4.0	6.0	6.0			
WznmQa42ZAx	6.0	7.0	7.0	7.0		
muppfCkU9H1	5.0	5.0	6.0	7.0		
3FkrodAXdk	3.0	3.0	4.0	4.0		
ww-7bdU6GA9	6.0	8.0	6.0			
sFDJNhwz7S	4.0	6.0	4.0			
7pgFL2Dkyyy	3.0	7.0	8.0	7.0		
bfTUfrqL6d	3.0	5.0	5.0			
OBI5QuStBz3	5.0	5.0	6.0			
ARFshOO1Iu	4.0	5.0	7.0			
4QpDyzCoH01	5.0	4.0	5.0	3.0		
hb1sDDSLbV	9.0	2.0	7.0	5.0		
YbDGyviJkrL	7.0	6.0	7.0	6.0		
NSBrFgJAHg	6.0	7.0	6.0			
FN7_BUOG78e	3.0	4.0	3.0	2.0		
yr1mzrH3IC	7.0	6.0	7.0	7.0		
mLcmdlEUxy-	9.0	7.0	7.0	7.0		
uMNWbpIQP26	3.0	5.0	4.0	5.0		
PbEHqvFtcS	8.0	7.0	6.0	5.0		
EBRTjOm_sl1	4.0	3.0	7.0	4.0		
Nj8EIrSu5O	5.0	4.0	5.0	8.0		
BUPIRa1D2J	6.0	6.0	7.0	4.0		
igkmo23BgzB	3.0	6.0	5.0	3.0		
HfnQjEN_ZC	4.0	4.0	4.0			
bhKQ7P7gyLA	5.0	4.0	4.0	5.0		
3c3EhwbKoXw	5.0	6.0	5.0			
dOcQK-f4byz	5.0	7.0	7.0	6.0		
_DVn-4CoCty	5.0	4.0	5.0	5.0	4.0	
jlVNBPEDynH	4.0	3.0	3.0	7.0		
o20_NVA92tK	7.0	4.0	5.0	8.0		
yrDEUYauOMd	5.0	5.0	6.0	5.0	6.0	
7dpmlkBuJFC	6.0	6.0	7.0			
JywMsiz_NtO	5.0	5.0	4.0	6.0		
10XWPuAro86	5.0	6.0	5.0	6.0		
DegtqJSbxo	4.0	4.0	4.0			
Fblk4_Fd7ao	6.0	6.0	5.0	6.0		
JthLaV0RsV	4.0	6.0	3.0			
PpshD0AXfA	7.0	6.0	7.0	5.0		
a4E6SL1rG3F	4.0	4.0	4.0	6.0		
FTit3PiAw4	3.0	6.0	5.0	6.0		
jphnJNOwe36	6.0	5.0	7.0			
oXQxan1BWgU	3.0	4.0	5.0	3.0		
iOVomQW073	5.0	5.0	5.0	6.0		
clyAUUnldg	4.0	4.0	3.0	5.0		
TJzkxFw-mGm	7.0	4.0	4.0	7.0		
qf6Nmm-_6Z	5.0	5.0	6.0	5.0		
TgSVWXw22FQ	7.0	6.0	6.0	6.0		
60j5LygnmD	6.0	6.0	6.0	8.0		
PS3IMnScugk	8.0	7.0	7.0	6.0		
oQyb8NrFzu	4.0	4.0	7.0	5.0		
hvdKKV2yt7T	7.0	7.0	7.0			
dwI2LBdpszh	4.0	3.0	4.0	4.0		
4IwieFS44l	6.0	7.0	6.0	6.0		
BM---bH_RSh	6.0	7.0	7.0	7.0		
4dXmpCDGNp7	7.0	7.0	6.0	7.0		
mLeIhe67Li6	6.0	6.0	7.0	4.0		
6SXNhWc5HFe	5.0	3.0	5.0	5.0		
aeA3LLDDQe2	5.0	4.0	5.0	4.0	6.0	
HCSgyPUfeDj	5.0	7.0	7.0	6.0		
1YLJDvSx6J4	6.0	6.0	10.0	7.0		
GJwMHetHc73	6.0	7.0	9.0			
M_eaMB2DOxw	4.0	6.0	4.0	4.0		
bd66LuDPPFh	6.0	6.0	1.0	6.0		
PDLPdWHdp-h	7.0	3.0	5.0	4.0		
4jXnFYaDOuD	6.0	6.0	5.0	7.0		
v8b3e5jN66j	6.0	7.0	5.0	5.0		
qpsl2dR9twy	5.0	6.0	4.0	6.0		
tkAtoZkcUnm	6.0	7.0	7.0	7.0		
_zHHAZOLTVh	6.0	6.0	5.0	3.0		
p84tly8c4zf	4.0	7.0	5.0	4.0		
Whq-nTgCbNR	4.0	5.0	4.0			
Kkw3shxszSd	9.0	3.0	4.0	6.0		
szUsQ3NcQwV	6.0	7.0	5.0	5.0		
7R7fAoUygoa	7.0	7.0	6.0	7.0		
8HhkbjrWLdE	6.0	6.0	7.0	8.0		
uvEgLKYMBF9	6.0	4.0	4.0			
e60-SyRXtRt	5.0	5.0	5.0	4.0		
zWy1uxjDdZJ	7.0	8.0	6.0	7.0		
Xa3iM4C1nqd	7.0	5.0	7.0			
iQxS0S9ir1a	5.0	6.0	4.0	7.0		
AwPGPgExiYA	3.0	6.0	4.0	5.0		
tkra4vFiFq	7.0	6.0	4.0	3.0		
rgFNuJHHXv	6.0	5.0	6.0	6.0		
hpH98mK5Puk	4.0	8.0	6.0			
gDHCPUvKRP	5.0	7.0	5.0	6.0		
QtTKTdVrFBB	8.0	4.0	8.0	8.0		
qJIvFn8sOs	4.0	4.0	4.0			
2isb_482lP	4.0	3.0	4.0	6.0		
DdGCxq9C_Gr	3.0	6.0	4.0	6.0		
iKXWZru0DS	4.0	4.0	7.0			
MkrAyYVmt7b	3.0	4.0	4.0	4.0		
sjuuTm4vj0	5.0	8.0	5.0	7.0		
NrN8XarA2Iz	4.0	4.0	2.0	5.0		
giit4HdDNa	7.0	7.0	8.0	7.0		
7aL-OtQrBWD	5.0	7.0	7.0			
3xUBgZQ04X	5.0	6.0	6.0	3.0		
bXLMnw03KPz	5.0	5.0	7.0			
YicbFdNTTy	7.0	7.0	7.0	7.0		
5USOVm2HkfG	6.0	3.0	4.0	5.0	5.0	
LFs3CnHwfM	2.0	4.0	5.0	3.0		
7dmdzJz42Ro	5.0	5.0	3.0	4.0		
XI-OJ5yyse	7.0	7.0	7.0	5.0		
jh-rTtvkGeM	6.0	5.0	8.0	8.0		
WcyZqS5o9C	4.0	6.0	4.0			
SlrqM9_lyju	5.0	6.0	7.0	7.0		
H-SPvQtMwm	7.0	5.0	4.0	7.0		
_TGlfdZOHY3	4.0	7.0	5.0	5.0		
kmqjgSNXby	7.0	6.0	7.0			
IrM64DGB21	7.0	6.0	3.0	7.0		
RpprvYz0xTM	5.0	6.0	4.0	5.0	5.0	
5WcLI0e3cAY	5.0	4.0	5.0	6.0		
_qJXkf347k	3.0	2.0	4.0	3.0		
2NHl-ETnHxk	3.0	6.0	3.0	6.0	7.0	
8uv1YXVi80	5.0	4.0	5.0	2.0		
P5RQfyAmrU	5.0	4.0	6.0	5.0		
eYgI3cTPTq9	5.0	7.0	4.0	6.0		
0cmMMy8J5q	6.0	7.0	5.0	6.0		
8q_ca26L1fz	3.0	4.0	5.0	3.0		
GXJPLbB5P-y	6.0	6.0	6.0			
nzLFm097HI	5.0	5.0	3.0			
CYHMIhbuLFl	5.0	5.0	5.0	6.0		
ehJqJQk9cw	6.0	6.0	6.0	7.0		
YD792AFzt4o	5.0	3.0	5.0	4.0	5.0	
d-XzF81Wg1	7.0	6.0	4.0			
uC7QRdX5OjI	4.0	4.0	4.0	7.0		
Wis-_MNpr4	4.0	3.0	5.0	5.0		
193sEnKY1ij	8.0	7.0	6.0	6.0		
1-Mh-cWROZ	5.0	3.0	7.0	5.0		
l0mSUROpwY	5.0	9.0	5.0	8.0	9.0	
1OQ90khuUGZ	4.0	6.0	4.0	6.0		
45uOPa46Kh	8.0	8.0	4.0	5.0		
FoM-RnF6SNe	3.0	4.0	4.0	4.0		
90JprVrJBO	6.0	6.0	7.0	5.0		
ufS1zWbRCEa	4.0	9.0	6.0	3.0		
le9LIliDOG	5.0	5.0	6.0	6.0		
Tt1s9Oi1kCS	3.0	7.0	8.0			
KsN9p5qJN3	7.0	6.0	4.0	6.0		
JbAqsfbYsJy	6.0	6.0	3.0	7.0		
0oabwyZbOu	4.0	10.0	7.0	5.0		
I4c4K9vBNny	6.0	7.0	6.0	7.0		
S9MPX7ejmv	3.0	5.0	5.0	5.0		
p3_z68kKrus	8.0	6.0	8.0	6.0		
lSijhyKKsct	4.0	6.0	3.0	7.0		
uR9LaO_QxF	8.0	7.0	7.0	5.0		
ipUPfYxWZvM	5.0	7.0	7.0	5.0		
GFsU8a0sGB	6.0	6.0	7.0			
szXGN2CLjwf	5.0	6.0	5.0	4.0		
XSLF1XFq5h	7.0	7.0	7.0	6.0		
IbFcpYnwCvd	4.0	6.0	6.0	4.0		
xrUySgB5ZOK	7.0	4.0	5.0			
Nc3TJqbcl3	6.0	6.0	5.0	6.0		
vSttC0bV3Ji	5.0	4.0	5.0	5.0		
E4PK0rg2eP	4.0	5.0	6.0	8.0		
H-BVtEaipej	6.0	6.0	7.0	5.0		
sjGBjudWib	5.0	6.0	4.0	6.0		
6Tm1mposlrM	7.0	6.0	8.0	8.0		
7Z29QbHxIL	3.0	5.0	4.0			
sMEpviTLi1h	7.0	6.0	5.0	3.0		
mQPBmvyAuk	6.0	7.0	6.0			
vcKVhY7AZqK	6.0	5.0	5.0			
76M3pxkqRl	7.0	6.0	4.0	5.0		
NQbnPjPYaG6	4.0	6.0	7.0	8.0		
OHgnfSrn2jv	5.0	8.0	6.0			
8nXkyH2_s6	5.0	6.0	7.0	6.0		
uhiF-dV99ir	5.0	5.0	4.0	6.0		
9CG8RW_p3Y	5.0	5.0	5.0			
FVhZIBWqykk	6.0	4.0	6.0	3.0		
yOkmUBv9ed	4.0	6.0	6.0	5.0		
Kc6XtnDIZdI	5.0	3.0	5.0	4.0		
S6AtYQLzXOY	6.0	6.0	6.0	5.0		
PULSD5qI2N1	6.0	8.0	8.0	8.0	7.0	
TTnPcO6kK5	4.0	3.0	6.0			
4I5THWNSjC	7.0	3.0	6.0			
A993YzEUKB7	6.0	5.0	4.0	5.0	4.0	
cgRzg1V9su	3.0	7.0	5.0	4.0		
ucuia1JiY9	5.0	5.0	4.0			
uRuGNovS11	5.0	4.0	3.0	7.0		
3Aoft6NWFej	8.0	6.0	7.0	8.0		
L7Irrt5sMQa	7.0	7.0	5.0	5.0		
-WwaX9vKKt	6.0	6.0	5.0	6.0		
v5WXtSXsVCJ	7.0	4.0	5.0	5.0		
C70cp4Cn32	6.0	6.0	6.0	7.0		
whySRc6f5g_	3.0	4.0	4.0	3.0		
QoWatN-b8T	6.0	4.0	6.0	7.0		
hsFN92eQEla	7.0	7.0	6.0	8.0		
tbwjUvUzQRU	6.0	1.0	5.0	5.0		
XqQQlvHvtI	5.0	5.0	4.0	4.0		
LLoe0U9ShkN	6.0	7.0	7.0			
u846Bqhry_	3.0	6.0	5.0	6.0		
_OGAW_hznmG	4.0	4.0	3.0	6.0		
4rsTcjH7co	5.0	6.0	7.0	6.0		
DUbd4PNhlg	5.0	5.0	4.0	4.0	3.0	
j7qEcn647RY	5.0	4.0	3.0	3.0		
inBTt_wSv0	4.0	6.0	3.0	4.0		
kqDCPX7eWS	4.0	4.0	5.0			
vlcVTDaufN	5.0	8.0	6.0	7.0	3.0	
ku4sJKvnbwV	4.0	6.0	6.0	7.0		
nkap3LV7t7O	6.0	5.0	6.0			
4mkxyuPcFt	6.0	4.0	5.0	6.0		
5zErZzsW2U1	5.0	6.0	5.0	4.0		
-bdp_8Itjwp	6.0	7.0	6.0	6.0		
j9Rv7qdXjd	5.0	7.0	7.0	9.0		
xyGFYKIPTDJ	6.0	7.0	5.0			
f0sNwNeqqxx	5.0	3.0	6.0	5.0		
1wtC_X12XXC	4.0	8.0	7.0	4.0		
UoaQUQREMOs	5.0	5.0	7.0	7.0		
-2FCwDKRREu	7.0	7.0	9.0			
tqOvYpjPax2	6.0	8.0	7.0	6.0		
Z3XVHSbSawb	5.0	6.0	6.0			
fmOOI2a3tQP	7.0	7.0	6.0	7.0		
gMRZ4wLqlkJ	3.0	4.0	5.0	3.0		
yM5rtGA4pNX	5.0	6.0	3.0	3.0		
PdauS7wZBfC	7.0	6.0	6.0	4.0		
dGF96IxczpW	6.0	4.0	4.0	6.0		
QJc4HWzF7FW	4.0	4.0	6.0	4.0		
LnVNgfvrQjC	4.0	4.0	6.0	4.0		
FX0vR39SJ5q	6.0	7.0	5.0			
P6_q1BRxY8Q	7.0	8.0	8.0	6.0	4.0	
zWvMjL6o60V	2.0	8.0	4.0	4.0		
KUDUoRsEphu	7.0	7.0	7.0	7.0		
I3xhgVtNC5t	5.0	5.0	6.0	5.0	4.0	
xCxXwTzx4L1	6.0	7.0	7.0	6.0		
Drynvt7gg4L	4.0	8.0	6.0	7.0		
jMc7DlflrMC	6.0	5.0	7.0	7.0		
-csYGiUuGlt	3.0	4.0	8.0	7.0	3.0	
K5a_QFEUzA1	6.0	7.0	7.0	5.0		
sI4SVtktqJ2	6.0	3.0	6.0	6.0		
5Dj8rVRg9Ui	6.0	5.0	5.0			
hcCao_UYd6O	4.0	5.0	6.0	4.0		
wZ4yWvQ_g2y	5.0	6.0	7.0	6.0		
gnAGreyEzP2	5.0	6.0	3.0	4.0		
YLewtnvKgR7	6.0	9.0	6.0	6.0		
JE7a-YejzfN	5.0	4.0	3.0	5.0		
XEw5Onu69uu	4.0	5.0	5.0	4.0		
SReYZtNJXzD	5.0	3.0	5.0	4.0		
XG1Drw7VbLJ	4.0	6.0	6.0	5.0		
67q9f8gChCF	5.0	5.0	6.0	6.0		
QubpWYfdNry	7.0	6.0	7.0	7.0		
e12NDM7wkEY	7.0	7.0	6.0			
WdOCkf4aCM	5.0	5.0	4.0	4.0		
rumv7QmLUue	6.0	6.0	9.0	7.0		
QtLSvKvm5Po	4.0	5.0	5.0	5.0		
9GsFOUyUPi	7.0	7.0	6.0			
xng0HoPDaFN	3.0	5.0	3.0			
8Sqhl-nF50	6.0	3.0	8.0	8.0		
T58qDGccG56	5.0	3.0	5.0	4.0		
a9nIWs-Orh	6.0	5.0	4.0			
7aogOj_VYO0	6.0	7.0	9.0	5.0		
cB_mXKTs9J	7.0	6.0	4.0	7.0		
z5Z023VBmDZ	8.0	8.0	6.0	7.0		
uie1cYdC2B	4.0	5.0	7.0	4.0		
ks5nebunVn_	6.0	7.0	7.0			
gdtGg1hCK2	5.0	6.0	5.0	6.0		
ODKwX19UjOj	5.0	6.0	4.0	4.0		
6R51jA4fOB	4.0	7.0	3.0	5.0		
68747kJ0qKt	4.0	7.0	4.0			
3RLN4EPMdYd	5.0	6.0	7.0	6.0		
aFvG-DNPNB9	5.0	3.0	7.0			
jEYKjPE1xYN	8.0	6.0	6.0			
c5klJN-Bpq1	3.0	6.0	4.0	4.0		
vQzcqQWIS0q	6.0	7.0	7.0	7.0		
L4v_5Qtshj7	5.0	5.0	7.0	6.0	6.0	
mLtPtH2SIHX	4.0	4.0	4.0	5.0		
_sSHg203jSu	3.0	5.0	5.0	6.0		
awMgJJ9H-0q	6.0	5.0	5.0			
0MjC3uMthAb	5.0	6.0	6.0	4.0		
ztMLindFLWR	6.0	6.0	7.0	5.0	5.0	
R4aWTjmrEKM	7.0	7.0	7.0	7.0		
uJSBC7QCfrX	5.0	5.0	5.0	4.0		
pAbm1qfheGk	6.0	6.0	6.0			
NjF772F4ZZR	6.0	6.0	7.0	6.0		
2V1ATRzaZQU	4.0	4.0	9.0	7.0		
PU35uLgRZkk	5.0	4.0	5.0			
_CrmWaJ2uvP	3.0	4.0	6.0	3.0		
0DALDI-xyW4	4.0	4.0	4.0	4.0		
KTEde38blNB	7.0	2.0	6.0	3.0		
Y87Ri-GNHYu	7.0	5.0	7.0	8.0		
PuG6vCSbrV9	6.0	5.0	6.0	7.0		
ZvvxYyjfvZc	4.0	6.0	6.0	4.0		
4VixXVZJkoY	5.0	6.0	4.0	4.0		
kq4SNxgQI4v	3.0	5.0	4.0			
b905-XVjbDO	5.0	8.0	5.0	5.0		
ZW0yXJyNmoG	7.0	4.0	6.0	7.0		
AhLeNin_5sh	4.0	5.0	3.0			
_HsKf3YaWpG	6.0	5.0	6.0	5.0		
fStMpzKkjMT	6.0	3.0	3.0	5.0		
1Jv6b0Zq3qi	7.0	7.0	6.0	6.0		
ioXEbG_Sf-a	6.0	5.0	7.0	3.0		
Oz_4sa7hKhl	3.0	8.0	6.0	6.0		
zLWGnikc_wi	5.0	5.0	6.0			
eLfqMl3z3lq	7.0	6.0	7.0	7.0		
JAlqRs9duhz	6.0	4.0	5.0	6.0		
piLPYqxtWuA	5.0	7.0	8.0	7.0	7.0	
DEa4JdMWRHp	6.0	8.0	4.0	6.0		
McYsRk9-rso	6.0	5.0	4.0	6.0		
sy4Kg_ZQmS7	5.0	6.0	8.0	7.0		
zKg145rDe8D	6.0	6.0	3.0	6.0		
B4SHgqe1kvX	3.0	4.0	4.0	4.0		
nzKv5vxZfge	7.0	5.0	7.0	5.0		
z9k8BWL-_2u	6.0	6.0	6.0			
o_V-MjyyGV_	7.0	7.0	7.0	7.0		
agyFqcmgl6y	5.0	6.0	6.0	5.0		
AY8zfZm0tDd	7.0	7.0	6.0	7.0		
tFPAIXpb13	5.0	7.0	4.0	5.0		
ddpyTq6B6TU	6.0	3.0	3.0	4.0	4.0	
wXoHN-Zoel	6.0	6.0	4.0			
HPGtPvFNROh	4.0	4.0	2.0			
QzKDLiosEd	5.0	7.0	4.0			
PeT5p3ocagr	5.0	3.0	5.0	5.0		
Hpxrls8yAn	5.0	4.0	7.0	3.0		
ADWd4TJO13G	6.0	6.0	7.0	6.0	9.0	
qoTcTS9-IZ-	7.0	5.0	5.0	3.0		
Rcmk0xxIQV	7.0	6.0	6.0	4.0		
--gvHfE3Xf5	6.0	6.0	7.0	7.0		
9sF3n8eAco	6.0	7.0	3.0	4.0		
DdhfDplcxs1	4.0	5.0	5.0	5.0		
ZJGnFbd6vW	5.0	7.0	2.0			
XvOH0v2hsph	6.0	5.0	3.0			
EKb4Z0aSNf	4.0	3.0	7.0	6.0		
YTWGvpFOQD-	7.0	7.0	7.0	6.0		
V4AVDoFtVM	3.0	5.0	5.0	7.0		
4Nt1F3qf9Gn	5.0	7.0	4.0	4.0		
hKps4HGGGx	5.0	4.0	4.0	5.0		
GtCq61UFDId	5.0	5.0	4.0	4.0		
8X2eaSZxTP	6.0	6.0	7.0	7.0		
uFk038O5wZ	6.0	6.0	6.0	5.0		
dYeAHXnpWJ4	9.0	9.0	7.0	5.0		
9l0K4OM-oXE	6.0	7.0	7.0	7.0		
To4Wy2NEM2	5.0	4.0	5.0	3.0		
uCQfPZwRaUu	7.0	7.0	7.0	6.0		
y2I4gyAGlCB	4.0	4.0	4.0	5.0		
rqzZDh8jqGj	4.0	4.0	3.0	5.0		
paE8yL0aKHo	4.0	4.0	4.0	6.0		
bNdohBx9sPa	5.0	6.0	7.0	4.0		
65sCF5wmhpv	4.0	5.0	6.0	4.0		
jAJrc-kzVd0	6.0	3.0	5.0	4.0		
hiq1rHO8pNT	7.0	6.0	6.0			
c7rtqjVaWiE	8.0	5.0	5.0	7.0		
oY7La6DBTLx	4.0	5.0	6.0	4.0		
gSJTgko59MC	5.0	5.0	6.0	4.0		
4zr9e5xwZ9Y	5.0	4.0	4.0	5.0		
qVyeW-grC2k	6.0	7.0	7.0	7.0		
j1RMMKeP2gR	5.0	6.0	6.0	8.0		
q_S44KLQ_Aa	5.0	7.0	8.0	8.0		
5wmNjjvGOXh	7.0	6.0	7.0	4.0		
-gabSeMKO4H	4.0	4.0	2.0	4.0		
rmd-D7h_2zP	5.0	3.0	7.0	4.0		
fB2GZQajQ2b	5.0	5.0	6.0			
DRc-o6DUGVf	3.0	5.0	4.0	4.0		
EyDgK7q5vwJ	7.0	6.0	6.0	5.0		
GJkY3ptA3vJ	4.0	3.0	5.0	3.0		
rx19UMFbC9u	4.0	7.0	5.0	5.0		
NLuOUSp9zZd	3.0	6.0	4.0	6.0		
vhKe9UFbrJo	6.0	7.0	5.0	6.0		
wG5XIGi6nrt	6.0	6.0	4.0	5.0		
L5b6jUonKFB	6.0	7.0	5.0			
DHSNrGhAY7W	5.0	5.0	7.0	7.0		
Mub9VkGZoZe	6.0	4.0	5.0	6.0	5.0	
1WF-fPvY_jQ	4.0	4.0	3.0	4.0		
cq4FHzAz9eA	3.0	4.0	5.0	5.0		
fV4vvs1J5iM	5.0	5.0	7.0	6.0		
MJmYbFnJAGa	4.0	6.0	5.0	4.0		
-GLNZeVDuik	7.0	7.0	6.0	7.0		
7IDIy7Jb00l	6.0	6.0	5.0	7.0		
lvXLfNeCQdK	7.0	3.0	4.0			
aCgLmfhIy_f	4.0	6.0	7.0	5.0		
CNA6ZrpNDar	7.0	6.0	5.0	6.0		
0PtUPB9z6qK	6.0	5.0	6.0			
sebtMY-TrXh	6.0	7.0	5.0	4.0	3.0	
Y9McSeEaqUh	6.0	6.0	6.0			
QcjTNc_afvH	5.0	5.0	6.0	3.0		
lFSZySpXXX8	3.0	5.0	3.0	4.0		
lQdXeXDoWtI	8.0	7.0	6.0	7.0		
kEnBH98BGs5	7.0	6.0	6.0	6.0		
4SiMia0kjba	6.0	6.0	6.0	2.0		
Aj4_e50nB8	6.0	5.0	5.0	6.0		
32B5lOqZUiO	5.0	5.0	4.0	6.0		
PO0SuuafSX	4.0	4.0	5.0	5.0		
73WTGs96kho	6.0	7.0	6.0			
1s1T7xHc5l6	6.0	6.0	5.0	6.0		
5UY7aZ_h37	5.0	3.0	7.0	5.0		
45NZvF1UHam	7.0	7.0	6.0			
dyjPVUc2KB	6.0	6.0	7.0	7.0		
rsogjAnYs4z	7.0	5.0	7.0			
MBIy8WLgsw	5.0	4.0	6.0	4.0		
pHgB1ASMgMW	5.0	5.0	6.0	4.0		
TtYSU29zgR	6.0	8.0	6.0	6.0		
iUTHidd-ylL	3.0	4.0	3.0	3.0		
Mf4ZSXMZP7	4.0	4.0	6.0	6.0	7.0	
D04TGKz5rfF	7.0	5.0	4.0	3.0		
fgX9O5q0BT	7.0	7.0	6.0	6.0		
0naHZ3gZSzo	5.0	4.0	4.0	3.0		
l47UCAewjy	5.0	8.0	5.0	4.0		
Ptaz_zIFbX	4.0	7.0	5.0	7.0	5.0	
tzfpltOnsJZ	6.0	3.0	4.0			
1rxHOBjeDUW	6.0	6.0	7.0	6.0		
qn_gk5j3PJ	6.0	7.0	4.0	6.0		
gHsr-v8Tz6l	6.0	6.0	5.0	8.0		
umIdUL8rMH	7.0	7.0	7.0			
uHjLW-0tsCu	5.0	4.0	4.0	6.0		
ee6W5UgQLa	6.0	6.0	8.0	6.0		
48goXfYCVFX	5.0	7.0	5.0	3.0		
CxGPf2BPVA	3.0	5.0	5.0	4.0		
Ek7qrYhJMbn	4.0	8.0	5.0	4.0		
5JnS8wROG9	5.0	6.0	5.0	6.0		
0jqRSnFnmL_	4.0	4.0	5.0	4.0		
EoFNy62JGd	8.0	6.0	7.0	7.0		
lU3Te8xLYR	3.0	6.0	6.0	6.0		
Ip195saXqIX	4.0	5.0	5.0	3.0		
e8W-hsu_q5	6.0	4.0	7.0	5.0		
CLnj31GZ4cI	6.0	4.0	7.0	6.0		
gMRmCMoObrW	5.0	5.0	4.0	4.0		
drEe_dOHE_	3.0	4.0	5.0	6.0		
3hGNqpI4WS	7.0	5.0	7.0	8.0		
IqVB8e0DlUd	5.0	4.0	4.0	4.0		
tnSo6VRLmT	8.0	6.0	6.0			
UfJn-cstSF	7.0	6.0	6.0	4.0		
_O9YLet0wvN	5.0	6.0	6.0	7.0		
YZrQKLHFhv3	5.0	5.0	5.0	5.0		
-qB7ZgRNRq	5.0	5.0	5.0	4.0		
d_Ue2glvcY8	5.0	2.0	2.0	3.0		
vCEhC7nOb6	4.0	4.0	7.0	7.0		
dnKsslWzLNY	6.0	6.0	4.0			
R5M7Mxl1xZ	7.0	4.0	7.0	4.0		
Y4SOA2qsYJS	5.0	5.0	4.0			
LzhEvTWpzH	2.0	3.0	4.0	4.0		
lDjgALS4qs8	6.0	6.0	6.0			
wOI9hqkvu_	6.0	6.0	6.0			
0aW6lYOYB7d	7.0	4.0	7.0	6.0		
bIwkmDnSeu	5.0	4.0	4.0			
9z_dNsC4B5t	6.0	6.0	7.0	4.0		
G70Z8ds32C9	4.0	6.0	6.0	9.0	6.0	
f_GA2IU9-K-	6.0	4.0	5.0	6.0		
-S7-RsPv78e	5.0	3.0	3.0	5.0		
bWqodw-mFi1	4.0	4.0	4.0	4.0		
kPheYCFm0Od	7.0	7.0	5.0	8.0		
LtgEkhLScK3	6.0	3.0	6.0	4.0		
QpNz8r_Ri2Y	7.0	7.0	7.0	6.0		
AWOSz_mMAPx	6.0	7.0	6.0	6.0		
Y0MgRifqikY	3.0	5.0	5.0	4.0		
8Y-Y7RVo8vn	4.0	4.0	3.0	4.0		
kuqBCnJuD4Z	5.0	5.0	4.0			
p7OewL0RRIH	4.0	4.0	5.0	4.0		
wS0UFjsNYjn	7.0	7.0	8.0	7.0		
3R--2TdxMps	4.0	6.0	4.0			
w5uur-ZwCXn	5.0	6.0	6.0	5.0		
_MxHo0GHsH6	6.0	5.0	6.0	4.0		
xxWl2oEvP2h	7.0	4.0	6.0	6.0		
aLIbnLY9NtH	7.0	6.0	7.0	7.0		
UxEmUjQujER	5.0	3.0	4.0	3.0		
pQhnag-dIt	4.0	3.0	7.0	5.0		
E3Ys6a1NTGT	7.0	6.0	6.0			
9EKHN1jOlA	7.0	7.0	6.0	7.0		
jYVY_piet7m	6.0	7.0	5.0			
jrA5GAccy_	7.0	7.0	6.0	6.0		
uSYfytRBh-f	4.0	3.0	8.0			
RCGBA1i5MF	6.0	5.0	2.0	5.0		
412_KkkGjJ4	5.0	7.0	4.0	5.0		
zeFrfgyZln	6.0	9.0	7.0	6.0		
m4baHw5LZ7M	9.0	4.0	4.0	3.0		
dpuLRRQ7zC	6.0	6.0	6.0	5.0		
1eKz1kjHO1	5.0	5.0	6.0	6.0		
_-BHVPvT8Wm	3.0	4.0	3.0	4.0		
w5bNwUzj33	4.0	6.0	4.0	5.0	4.0	
IKqCy8i1XL3	5.0	5.0	4.0	6.0		
0N8jUH4JMv6	6.0	7.0	7.0			
GThGi8P9Vz	5.0	6.0	5.0	4.0		
tuIt1aIb6Co	5.0	6.0	4.0			
7nfCtKep-v	6.0	4.0	6.0	6.0		
66H4g_OHdnl	6.0	6.0	3.0	8.0		
o21sjfFaU1	4.0	6.0	5.0	3.0		
YNnpaAKeCfx	6.0	6.0	7.0	4.0		
QpU7n-6l0n	6.0	4.0	6.0			
m08OHhXxl-5	6.0	5.0	7.0	5.0		
fMHwogGqTYs	5.0	2.0	5.0			
uFA24r7v4wL	6.0	6.0	4.0	4.0		
tIjRAiFmU3y	6.0	6.0	8.0	7.0		
WesiCoRVQ15	7.0	6.0	7.0	7.0		
ZCix3kmMo4Q	7.0	4.0	3.0			
0h9cYBqucS6	4.0	3.0	6.0	4.0		
j5d9qacxdZa	6.0	5.0	6.0	4.0		
VG3i3CfFN__	5.0	3.0	7.0	3.0		
-QxT4mJdijq	6.0	8.0	9.0	5.0		
GH7QRzUDdXG	5.0	6.0	6.0	5.0		
JeweO9-QqV-	7.0	5.0	5.0	5.0		
WtlM9p1bVAw	6.0	4.0	3.0	3.0		
tC6iW2UUbJf	7.0	7.0	5.0	8.0		
kKwFlM32HV5	5.0	4.0	5.0	4.0		
EMHoBG0avc1	5.0	7.0	6.0	9.0		
XoF2fGAvXO6	5.0	7.0	4.0	6.0		
fGiKxvF-eub	7.0	4.0	5.0	4.0		
v16dIb3Ud9t	5.0	4.0	4.0	7.0		
4CqesJ7GO7Q	6.0	4.0	4.0	4.0		
3nSU-sDEOG9	4.0	4.0	5.0	4.0		
xgGS6PmzNq6	7.0	7.0	5.0	5.0		
ueiBFzt7CiK	6.0	4.0	7.0			
CF-ZIuSMXRz	6.0	9.0	7.0	6.0		
xW9zZm9qK0_	3.0	3.0	6.0	6.0	5.0	
ZAfeFYKUek5	5.0	5.0	7.0	5.0	5.0	
GY6-6sTvGaf	7.0	7.0	7.0	7.0		
xPw-dr5t1RH	2.0	2.0	2.0	3.0		
XjYgR6gbCEc	7.0	6.0	6.0	6.0		
0IOX0YcCdTn	7.0	6.0	4.0			
jXe91kq3jAq	6.0	7.0	5.0	6.0		
V3o2w-jDeT5	3.0	6.0	6.0	5.0		
85d8bg9RvDT	4.0	5.0	3.0	4.0		
djwS0m4Ft_A	5.0	6.0	7.0	8.0	5.0	
in2qzBZ-Vwr	3.0	6.0	7.0	5.0		
g11CZSghXyY	4.0	7.0	8.0	7.0		
J7bUsLCb0zf	6.0	5.0	4.0	7.0		
Bpw_O132lWT	5.0	6.0	6.0	5.0		
Vfs_2RnOD0H	6.0	6.0	7.0	7.0		
eom0IUrF__F	7.0	4.0	6.0			
VqzVhqxkjH1	6.0	7.0	6.0	6.0		
2fadDWoYCUy	4.0	5.0	4.0			
fkhl7lb3aw	4.0	3.0	5.0	3.0		
5mhViEOQxaV	5.0	7.0	4.0			
4IU_xHbLiH	5.0	6.0	3.0	5.0		
FKotzp6PZJw	6.0	3.0	6.0	6.0		
fESskTMMSv	5.0	6.0	6.0	6.0		
4YzI0KpRQtZ	5.0	6.0	5.0	6.0		
npOuXc85I5k	6.0	3.0	5.0			
IfEkus1dpU	6.0	6.0	5.0			
0rNLjXgchOC	4.0	4.0	7.0	4.0		
UFJOP5w0kV	5.0	5.0	6.0	4.0		
QkRbdiiEjM	7.0	7.0	6.0	5.0		
ZHADKD4pl5H	4.0	3.0	5.0	7.0		
kBVJ2NtiY-	7.0	5.0	7.0	5.0		
ErrNJYcVRmS	5.0	6.0	5.0	4.0		
L4n9FPoQL1	6.0	5.0	6.0			
PrzjugOsDeE	6.0	7.0	5.0	6.0		
7I12hXRi8F	5.0	6.0	8.0	6.0		
3X64RLgzY6O	6.0	6.0	7.0			
wC99I7uIFe	5.0	6.0	7.0	4.0		
MBdafA3G9k	6.0	5.0	4.0	4.0		
3YQAVD9_Dz3	4.0	3.0	5.0			
UEtNMTl6yN	3.0	4.0	2.0	3.0		
Eql5b1_hTE4	7.0	7.0	7.0	6.0		
cPZOyoDloxl	7.0	8.0	7.0	7.0		
GMgHyUPrXa	8.0	6.0	7.0	4.0		
Qk-Wq5AIjpq	5.0	7.0	6.0			
mewtfP6YZ7	7.0	6.0	3.0	4.0		
M3NDrHEGyyO	7.0	5.0	6.0	5.0		
iox4AjpZ15	5.0	4.0	8.0	4.0		
q_kZm9eHIeD	5.0	4.0	5.0	6.0		
LQTsVy-Xli	4.0	4.0	7.0	5.0		
r1j4zl5HsDj	7.0	4.0	3.0	5.0		
KWToR-Phbrz	6.0	7.0	4.0	4.0		
aTozt4uZ5f	5.0	5.0	5.0			
LiX3ECzDPHZ	4.0	8.0	7.0			
WEHSlH5mOk	4.0	7.0	6.0			
ry8_g12nVD	3.0	2.0	2.0			
QxQkG-gIKJM	4.0	6.0	7.0	6.0	7.0	
CGQ6ENUMX6	6.0	7.0	7.0	6.0		
Du7s5ukNKz	6.0	6.0	6.0	6.0		
aDjoksTpXOP	6.0	6.0	7.0	9.0		
5jzlpHvvRk	5.0	6.0	6.0	7.0		
xH251EA80go	5.0	4.0	5.0	5.0		
jxdXSW9Doc	4.0	6.0	6.0			
8EGmvcCVrmZ	5.0	4.0	4.0	4.0		
SeFiP8YAJy	4.0	5.0	5.0	4.0	6.0	
AhElGnhU2BV	7.0	7.0	8.0	4.0		
rryJiPXifr	7.0	6.0	6.0	5.0		
8IbZUle6ieH	4.0	5.0	5.0			
_qoQkWNEhS	5.0	5.0	6.0			
Vd7lCMvtLqg	5.0	6.0	7.0			
TWDczblpqE	5.0	3.0	4.0			
QTgP9nKmMPM	4.0	6.0	4.0			
jDdzh5ul-d	7.0	6.0	7.0			
6X_32jLUaDg	4.0	6.0	6.0	6.0		
ZN3s7fN-bo	6.0	3.0	4.0	5.0		
KxUlUb26-P3	5.0	7.0	8.0	5.0		
JNtw9rUJnV	4.0	4.0	2.0	4.0	4.0	
Mh1Abj33qI	6.0	6.0	8.0	4.0		
H5B3lmpO1g	5.0	5.0	7.0			
nQxCYIFk7Rz	6.0	6.0	4.0	5.0		
vK9WrZ0QYQ	5.0	7.0	7.0	8.0		
OkXODFHhfum	4.0	5.0	4.0	5.0		
w2mYg3d0eot	7.0	8.0	6.0	7.0		
PH5PH9ZO_4	6.0	7.0	6.0			
cTQnZPLIohy	7.0	8.0	6.0			
tc5qisoB-C	4.0	7.0	5.0	8.0	5.0	
eqBwg3AcIAK	7.0	6.0	6.0	7.0		
NNd0J677PN	6.0	4.0	5.0	6.0		
rALA0Xo6yNJ	7.0	8.0	7.0	8.0		
UcoXdfrORC	7.0	7.0	7.0	7.0		
49mMdsxkPlD	5.0	5.0	5.0	6.0		
pwIDi7D8Lf	5.0	4.0	4.0	4.0		
YmqAnY0CMEy	7.0	7.0	7.0	7.0		
Y3pk2JxYmO	5.0	6.0	6.0	6.0		
eMP1j9efXtX	6.0	7.0	7.0	7.0	7.0	
KtH8W3S_RE	7.0	6.0	6.0			
MG8Zde0ip6u	9.0	4.0	5.0			
BVPowUU1cR	6.0	3.0	4.0	4.0		
fpJX0O5bWKJ	6.0	6.0	6.0	4.0	3.0	
ZKyd0bkFmom	6.0	5.0	5.0	7.0		
Kao09W-oe8	6.0	5.0	6.0	4.0	6.0	
p-NZIuwqhI4	8.0	7.0	7.0	7.0		
7hMenh--8g	4.0	6.0	7.0	8.0	5.0	
8Ln-Bq0mZcy	6.0	7.0	7.0	7.0		
XdprrZhBk8	6.0	6.0	6.0	6.0		
kOA6rtPxyL	4.0	5.0	7.0	5.0		
NsMLjcFaO8O	6.0	8.0	7.0	5.0		
yHeg4PbFHh	8.0	6.0	9.0	5.0		
LDSeViRs4-Q	4.0	4.0	6.0	4.0		
FOyuZ26emy	7.0	7.0	7.0	7.0		
6fb4mex_pUT	4.0	3.0	4.0	3.0		
unI5ucw_Jk	7.0	7.0	6.0			
bBDlTR5eDIX	4.0	4.0	3.0	4.0		
Srmggo3b3X6	7.0	7.0	4.0	3.0		
YYvtmM9TPw	5.0	4.0	4.0	4.0		
3NG1WgOn0y2	5.0	5.0	2.0	3.0		
awOrpNtsCX	6.0	6.0	5.0	6.0	6.0	
RcjRb9pEQ-Q	4.0	6.0	6.0	7.0		
JbuYF437WB6	6.0	7.0	7.0			
qYda4oLEc1	6.0	6.0	9.0	9.0		
TTLwOwNkOfx	4.0	7.0	7.0	3.0		
--GJkm7nt0	4.0	5.0	5.0	4.0		
qG4ZVCCyCB0	6.0	6.0	5.0	5.0		
N3zUDGN5lO	7.0	7.0	7.0	7.0		
Pgq5GE_-ph	6.0	4.0	5.0	5.0		
4hA23Eld-HU	3.0	4.0	4.0	3.0		
3SV-ZePhnZM	5.0	6.0	6.0	5.0		
TVbDOOr6hL	7.0	6.0	7.0	6.0		
E_U8Zvx7zrf	5.0	5.0	5.0	4.0		
cO1IH43yUF	6.0	6.0	6.0	7.0		
g75kUi1jAc_	6.0	4.0	5.0			
HO80-Z4l0M	4.0	4.0	8.0	3.0		
axNDkxU9-6z	6.0	4.0	5.0	4.0		
84gjULz1t5	7.0	7.0	7.0			
Ldau9eHU-qO	7.0	7.0	5.0			
wta_8Hx2KD	4.0	6.0	4.0	7.0		
xyEx4_lHqvB	5.0	5.0	5.0	4.0		
5vShUEyjmm	5.0	6.0	5.0	3.0		
FU5IpSznDKd	5.0	5.0	4.0	6.0		
KJSC_AsN14	4.0	7.0	6.0	6.0		
V5j-jdoDDP	7.0	5.0	7.0	5.0		
ct8_a9h1M	6.0	7.0	7.0			
XbJiphOWXiU	4.0	5.0	3.0	3.0		
KVTkzgz3g8O	5.0	4.0	3.0			
HC5VgCHtU10	7.0	5.0	5.0	7.0		
Mwuc0Plt_x2	6.0	6.0	5.0	5.0		
CR1XOQ0UTh-	6.0	5.0	7.0	7.0		
6puUoArESGp	4.0	5.0	7.0	6.0		
F8lXvXpZdrL	5.0	5.0	7.0	7.0		
AJY3fGPF1DC	8.0	6.0	6.0	4.0		
O3Y56aqpChA	8.0	8.0	6.0	7.0		
uxYjVEXx48i	4.0	4.0	4.0			
TBIzh9b5eaz	7.0	6.0	5.0	8.0	6.0	
j39sWOYhfEg	3.0	5.0	6.0	6.0		
D62nJAdpijt	5.0	7.0	4.0	6.0		
6UdQLhqJyFD	6.0	6.0	8.0	5.0		
3GYfIYvNNhL	4.0	5.0	5.0			
7TBP8k7TLFA	5.0	5.0	7.0			
N07ebsD-lHp	3.0	5.0	4.0			
ZcKPWuhG6wy	6.0	8.0	6.0	5.0		
eJIJF3-LoZO	6.0	5.0	6.0	7.0		
MP0LhG4YiiC	7.0	5.0	3.0			
_QB8Am3Fxkb	4.0	4.0	4.0	3.0		
3eNrIs9I78x	5.0	4.0	6.0	6.0		
q8qLAbQBupm	8.0	5.0	6.0	7.0		
B7v4QMR6Z9w	7.0	7.0	7.0	8.0		
DNl5s5BXeBn	5.0	6.0	7.0	7.0		
NECTfffOvn1	8.0	9.0	6.0	6.0		
sgNhTKrZjaT	1.0	4.0	3.0	2.0		
UwGY2qjqoLD	7.0	5.0	8.0	6.0		
SzjyTIc5qMP	4.0	4.0	7.0	6.0		
iktA2PtTRsK	5.0	8.0	4.0			
Cri3xz59ga	7.0	5.0	7.0	6.0		
vvSPyGfZre6	4.0	4.0	7.0	5.0		
D2TE6VTJG9	4.0	7.0	6.0	6.0	6.0	
28AnM10CHyO	3.0	4.0	3.0	5.0		
cP2fJWhYZe0	6.0	3.0	2.0	5.0		
HdX654Yn81	7.0	5.0	3.0			
xHKVVHGDOEk	7.0	6.0	6.0	6.0		
5aDnCA_RXS	5.0	4.0	2.0	4.0		
zabJK7XTb-A	5.0	5.0	5.0	4.0		
tmMmIimNnp	5.0	4.0	4.0	6.0		
pW2Q2xLwIMD	6.0	8.0	7.0	6.0		
jMPcEkJpdD	6.0	6.0	6.0			
AMoDLAx6GCC	5.0	6.0	5.0	7.0		
K_ETaDx3Iv	3.0	2.0	3.0	2.0		
Ig53hpHxS4	6.0	6.0	5.0	9.0		
pNDvPXd1qUk	4.0	4.0	4.0	3.0		
O9NAKC_MqMx	4.0	5.0	4.0	4.0		
g0a-XYjpQ7r	3.0	7.0	5.0	6.0		
iEcqwosBEgx	4.0	6.0	4.0	6.0		
jcpcUjw7Kzz	4.0	4.0	4.0	4.0		
RSU17UoKfJF	5.0	6.0	7.0			
VMtftZqMruq	5.0	5.0	6.0	5.0		
IZQm8mMRVqW	6.0	4.0	7.0	6.0		
ELiYxj9JlyW	8.0	4.0	7.0	4.0		
_bF8aOMNIdu	6.0	5.0	5.0	6.0		
heqv8eIweMY	7.0	7.0	4.0	6.0		
iQQK02mxVIT	7.0	6.0	6.0	5.0	7.0	
pVwU-8cdjQQ	6.0	7.0	6.0	4.0		
3Wp8HM2CNdR	5.0	5.0	6.0	7.0		
GSTrduvZSjT	7.0	6.0	5.0	5.0		
2VXyy9mIyU3	6.0	5.0	8.0			
OEgDatKuz2O	4.0	3.0	5.0	3.0		
wbQXW1XTq_y	5.0	6.0	7.0	5.0		
6htjOqus6C3	4.0	4.0	4.0	4.0		
43VKWxg_Sqr	9.0	6.0	6.0			
3teh9zI0j4L	3.0	6.0	6.0	3.0		
pqZV_srUVmK	5.0	8.0	7.0	8.0		
VwU1lyi5nzb	3.0	1.0	4.0	5.0		
oZIvHV04XgC	7.0	6.0	7.0	7.0		
pHkBwAaZ3UK	5.0	5.0	5.0	5.0		
2nm0fGwWBMr	4.0	6.0	5.0	5.0		
tilovEHA3YS	7.0	8.0	8.0	7.0		
Q1jmmQz72M2	7.0	6.0	5.0	6.0		
jDIWFyftpQh	6.0	5.0	4.0	5.0		
xGZG2kS5bFk	6.0	7.0	6.0	7.0		
7qmQNB6Wn_B	5.0	5.0	6.0	5.0		
lpwg-UOkAl7	3.0	3.0	4.0			
CrWzAigsUEu	4.0	7.0	5.0	3.0		
xCm8kiWRiBT	7.0	5.0	5.0	5.0		
HkUfnZFt1Rw	4.0	3.0	5.0	6.0		
oAkujcqxJzW	4.0	5.0	4.0	4.0		
0OlrLvrsHwQ	7.0	7.0	5.0	7.0		
doeyA2PBjdy	4.0	4.0	4.0	4.0		
ot9bYHvuULl	6.0	7.0	4.0			
imnG4Ap9dAd	6.0	5.0	5.0			
LIR3aVGIlln	5.0	6.0	5.0	8.0		
akgiLNAkC7P	7.0	5.0	6.0	4.0		
uRKqXoN-Ic9	6.0	2.0	7.0	5.0		
tADlrawCrVU	6.0	5.0	5.0			
iAmZUo0DxC0	7.0	7.0	8.0	7.0		
Rhl8IoYzdSI	7.0	7.0	6.0	4.0	2.0	
kXwdjtmMbUr	4.0	3.0	8.0	4.0		
Mk6PZtgAgfq	7.0	7.0	8.0			
4K_NaDAHc0d	5.0	5.0	5.0	6.0		
y6IlNbrKcwG	6.0	6.0	4.0	5.0		
whAxkamuuCU	5.0	3.0	4.0			
kGvXK_1qzyy	5.0	6.0	6.0	5.0		
JCz05AtXO3y	6.0	6.0	6.0	6.0		
pXi-zY262sE	4.0	4.0	3.0			
6FqKiVAdI3Y	7.0	9.0	3.0	7.0		
tq5JAGsedIP	7.0	4.0	5.0	5.0		
lf7st0bJIA5	5.0	6.0	6.0	5.0		
NqPW1ZJjXDJ	3.0	6.0	7.0	7.0		
OqtLIabPTit	6.0	5.0	5.0			
2KSsaPGemn2	4.0	4.0	4.0	4.0		
VKoY98_IN3-	5.0	4.0	5.0			
LgqmtA-wzXi	5.0	3.0	4.0	2.0		
n7wIfYPdVet	6.0	5.0	6.0	7.0		
mRNkPVHyIVX	6.0	5.0	6.0	7.0		
GJnpCsLQThe	7.0	4.0	4.0	5.0		
SQbBWB0vjFn	5.0	4.0	6.0	5.0	3.0	
IhUeMfEmexK	6.0	4.0	5.0			
i80OPhOCVH2	4.0	8.0	5.0	5.0	6.0	
2LiGI26kRdt	6.0	5.0	5.0	6.0		
30SS5VjvhrZ	4.0	3.0	4.0	4.0		
4emQEegFhSy	5.0	6.0	5.0	7.0		
L7WD8ZdscQ5	5.0	6.0	6.0	6.0		
sWMF2rf9nQt	3.0	5.0	7.0	5.0		
g-wu9TMPODo	8.0	7.0	7.0	6.0		
xjXg0bnoDmS	6.0	6.0	7.0	5.0		
aAY23UgDBv0	7.0	7.0	4.0			
UAAJMiVjTY_	4.0	4.0	3.0	5.0		
8CjVaaSSVxg	5.0	4.0	4.0			
YPm0fzy_z6R	7.0	4.0	6.0	4.0		
yOkSW62hqq2	5.0	7.0	6.0	5.0		
hTUPgfEobsm	3.0	4.0	5.0			
XLfdzwNKzch	6.0	7.0	7.0			
F3s69XzWOia	7.0	8.0	7.0	7.0		
dak8uQE6BOG	5.0	5.0	6.0			
tu29GQT0JFy	6.0	7.0	6.0	4.0		
9G5MIc-goqB	7.0	7.0	6.0			
Xv_s64FiXTv	7.0	5.0	8.0	6.0	8.0	
xF5r3dVeaEl	6.0	3.0	7.0	6.0		
9t0CV2iD5gE	7.0	7.0	5.0	3.0		
KRKGJrbPcKE	5.0	4.0	4.0			
KTS3QeWxRQq	4.0	5.0	5.0	4.0		
L-88RyVtXGr	4.0	6.0	5.0	5.0		
Sc8cY4Jpi3s	6.0	7.0	7.0			
5k8F6UU39V	7.0	8.0	8.0	8.0		
UGTbHjl3S95	5.0	5.0	4.0	4.0	5.0	
vsU0efpivw	6.0	7.0	6.0			
MDX3F0qAfm3	4.0	4.0	4.0	6.0		
NUCZeoVlAe	6.0	5.0	3.0			
HUd2wQ0j200	5.0	5.0	5.0	6.0		
9vCLOXwprc	6.0	6.0	4.0	5.0		
8qsqXlyn-Lp	5.0	5.0	6.0	5.0		
SRDuJssQud	6.0	6.0	7.0	7.0		
8-sxWOto_iI	5.0	4.0	2.0	4.0		
nXSDybDWV3	5.0	5.0	4.0	3.0		
thhdrl4IdMm	6.0	4.0	4.0	3.0		
fw1-fHJpPK	5.0	4.0	5.0	4.0		
0jPp4dKp3PL	5.0	6.0	4.0			
udaowxM8rz	5.0	6.0	5.0	4.0		
g4szfsQUdy3	2.0	4.0	3.0	3.0		
qk0FE399OJ	5.0	5.0	4.0	6.0		
ysti0DEWTSo	4.0	4.0	6.0	7.0		
3Jldbtfqfa	5.0	4.0	5.0	4.0		
nCY83KxoehA	6.0	6.0	4.0	5.0		
jC9G3ns6jH	6.0	6.0	7.0	8.0		
6gZJ6f6pU6h	5.0	4.0	4.0	4.0		
YgrdmztE4OY	4.0	4.0	4.0	5.0		
SO73JUgks8	5.0	4.0	4.0	5.0		
MqWHrrIfBMN	4.0	3.0	8.0			
mCLVeEpplNE	8.0	6.0	7.0	6.0	6.0	
a-xFK8Ymz5J	7.0	7.0	9.0	8.0	7.0	
JUgC3lqn6r2	5.0	5.0	5.0	2.0		
f3wagFp88BE	6.0	5.0	4.0	4.0		
4_57x7xhymn	5.0	5.0	5.0			
0F_OC_oROWb	6.0	3.0	6.0	8.0		
Uqu9yHvqlRf	6.0	5.0	3.0			
St1giarCHLP	7.0	8.0	6.0			
8IX8Qum6jGR	5.0	4.0	5.0			
zUMD--Fb9Bt	6.0	5.0	5.0	7.0		
eyDDGPt5R1S	6.0	5.0	6.0			
HQoCa9WODc0	4.0	5.0	5.0	4.0		
KcImcc3j-qS	5.0	5.0	6.0	4.0		
KG4igOosnw8	5.0	6.0	6.0			
30I4Azqc_oP	6.0	6.0	5.0			
7YctWnyhjpL	7.0	5.0	5.0			
g6OrH2oT5so	5.0	6.0	6.0	6.0		
4kWGWoFGA_H	4.0	6.0	3.0	4.0		
M71R_ivbTQP	6.0	6.0	6.0	5.0		
8m_XkdqjZAr	3.0	4.0	4.0			
BEs-Q1ggdwT	6.0	5.0	4.0			
ey1XXNzcIZS	5.0	4.0	6.0			
XZzriKGEj0_	5.0	3.0	6.0	3.0		
asLT0W1w7Li	5.0	5.0	5.0	6.0		
crAi7c41xTh	6.0	6.0	6.0	7.0		
sSjqmfsk95O	6.0	8.0	4.0	8.0	7.0	
qrwe7XHTmYb	9.0	7.0	5.0	4.0		
PGmqOzKEPZN	6.0	5.0	6.0	6.0		
CZ8Y3NzuVzO	4.0	8.0	6.0	7.0		
QIRlze3I6hX	6.0	8.0	7.0	10.0		
GjqcL-v0J2A	6.0	5.0	5.0	6.0		
mWnfMrd9JLr	5.0	5.0	4.0	6.0	5.0	
7FNqrcPtieT	6.0	6.0	6.0			
refmbBH_ysO	3.0	7.0	7.0			
dhQHk8ShEmF	7.0	7.0	4.0	3.0		
6s7ME_X5_Un	7.0	8.0	7.0	7.0		
ni_nys-C9D6	5.0	6.0	5.0	4.0	6.0	
Qm7R_SdqTpT	6.0	6.0	6.0			
UwOMufsTqCy	5.0	7.0	5.0	6.0		
0pxiMpCyBtr	6.0	6.0	7.0	6.0		
tEFhwX8s1GN	4.0	5.0	6.0	3.0		
MJAqnaC2vO1	7.0	5.0	5.0	7.0		
gZ9hCDWe6ke	9.0	8.0	8.0	7.0		
KwgQn_Aws3_	5.0	6.0	7.0	4.0		
_EQxgdRFUHG	4.0	5.0	4.0			
4sCyjwaVtZ9	4.0	4.0	7.0	7.0		
8SP2-AiWttb	5.0	6.0	4.0	5.0		
5qK0RActG1x	6.0	4.0	5.0	3.0		
Z532uNJyG5y	5.0	6.0	5.0	6.0		
yNFwsrcEtO0	5.0	6.0	5.0	5.0		
l0V53bErniB	7.0	6.0	4.0	7.0		
pmj131uIL9H	6.0	7.0	7.0	6.0		
4jJI8Sqwz9V	3.0	4.0	3.0	4.0		
Wi5KUNlqWty	4.0	8.0	5.0	7.0		
HN77M0Sdnp2	4.0	7.0	4.0	6.0		
gV3wdEOGy_V	5.0	6.0	8.0	6.0		
TSRTzJnuEBS	6.0	6.0	6.0	7.0		
-oeKiM9lD9h	5.0	6.0	6.0	6.0		
KTlJT1nof6d	6.0	6.0	6.0	6.0		
U4XLJhqwNF1	6.0	4.0	7.0	6.0		
MuSYkd1hxRP	6.0	8.0	7.0			
rcQdycl0zyk	8.0	8.0	8.0			
k9EHBqXDEOX	6.0	6.0	5.0			
_0shJdtXI1f	4.0	3.0	6.0			
uXl3bZLkr3c	7.0	7.0	8.0			
dFBRrTMjlyL	6.0	4.0	6.0	4.0		
QQzomPbSV7q	6.0	6.0	5.0	4.0		
F438zjb-XaM	4.0	3.0	5.0			
V1ZHVxJ6dSS	6.0	4.0	8.0	7.0		
tckGH8K9y6o	6.0	5.0	5.0	5.0		
me5hEszKra4	5.0	4.0	4.0			
KBWK5Y92BRh	6.0	5.0	6.0	4.0		
5lhWG3Hj2By	6.0	6.0	6.0	6.0		
Oos98K9Lv-k	6.0	8.0	7.0	7.0		
BVSM0x3EDK6	6.0	7.0	6.0	6.0		
3SqrRe8FWQ-	7.0	7.0	7.0	5.0		
wyiWss_DNoO	4.0	6.0	5.0			
o29tNZZqGcN	5.0	5.0	6.0	4.0		
lcNa5mQ-CSb	7.0	3.0	5.0	6.0		
K3qa-sMHpQX	7.0	5.0	6.0	7.0		
3rRgu7OGgBI	8.0	5.0	4.0	4.0		
PcUprce4TM2	4.0	3.0	4.0	4.0		
nLktL9-M-C6	5.0	6.0	4.0			
xFYXLlpIyPQ	4.0	4.0	4.0	8.0		
jPSYH47QSZL	5.0	4.0	7.0	7.0		
7xArdn_FKtV	5.0	5.0	3.0	4.0		
MtEE0CktZht	7.0	7.0	7.0	6.0		
SkUfhuFsvK-	4.0	4.0	4.0	3.0		
vOchfRdvPy7	5.0	6.0	5.0	5.0		
-757TnNDwIn	6.0	5.0	5.0	4.0		
avHr-H-1kEa	6.0	5.0	6.0	3.0		
UV9kN3S4uTZ	4.0	5.0	4.0	2.0		
RwQZd8znR10	4.0	4.0	4.0	4.0		
T6RYeudzf1	5.0	6.0	5.0	5.0		
GKLLd9FOe5l	7.0	5.0	3.0	7.0		
ESVGfJM9a7	8.0	5.0	4.0	4.0		
T3MCvI0gqEV	5.0	4.0	5.0			
xsx58rmaW2p	6.0	8.0	5.0	5.0		
gwFTuzxJW0	4.0	5.0	9.0	7.0		
w_haMPbUgWb	7.0	6.0	4.0	4.0		
E8fmaZwzEj	6.0	6.0	6.0			
LjFGgI-_tT0	6.0	5.0	6.0	6.0		
7wCBOfJ8hJM	4.0	8.0	4.0	6.0		
ES9cpVTyLL	4.0	4.0	4.0	5.0		
mDAZVlBeXWx	5.0	3.0	6.0	6.0		
ZVqZIA1GA_	4.0	6.0	6.0			
yqPnIRhHtZv	6.0	6.0	6.0	7.0		
QZaeLBDU03	5.0	5.0	4.0	4.0		
AGQGZkLBKK	5.0	5.0	3.0	4.0		
zq4bt_0z-gz	7.0	7.0	4.0	3.0		
9xC2tWEwBD	7.0	6.0	3.0	8.0		
hPDC6tBFNiV	4.0	5.0	4.0			
CGFN_nV1ql	6.0	5.0	8.0	4.0		
c1xAGI3nYST	7.0	5.0	8.0	5.0		
2K5WDVL2KI	8.0	6.0	6.0	6.0		
PAsd7_vP4_	4.0	5.0	5.0	7.0		
iMKvxHlrZb3	5.0	5.0	3.0	6.0		
8nl0k08uMi	7.0	6.0	6.0			
IMPA6MndSXU	7.0	7.0	4.0	7.0		
Ut1vF_q_vC	6.0	2.0	8.0	8.0		
8wqCDnBmnrT	8.0	7.0	7.0	6.0		
jQSBcVURlpW	5.0	5.0	7.0	6.0		
UuchYL8wSZo	9.0	8.0	8.0	8.0		
g21u6nlbPzn	6.0	6.0	6.0			
YWtLZvLmud7	7.0	6.0	7.0	6.0	7.0	
vNw0Gzw8oki	8.0	5.0	5.0	7.0		
7ehDLD1yoE0	4.0	5.0	4.0	4.0		
lo7GKwmakFZ	6.0	6.0	4.0	6.0		
T3RyQtRHebj	6.0	5.0	4.0	7.0		
J8_GttYLFgr	5.0	7.0	6.0	6.0		
uIc4W6MtbDA	6.0	6.0	6.0	7.0		
LJRsOvDJ4gP	4.0	4.0	4.0	3.0		
EwsLcX5NRKr	3.0	6.0	5.0	5.0		
6VhmvP7XZue	6.0	6.0	6.0	6.0		
LIOgGKRCYkG	5.0	5.0	7.0	5.0		
wE-3ly4eT5G	6.0	6.0	6.0	5.0		
4xzY5yod28y	5.0	6.0	5.0	4.0	6.0	
bGZtz5-Cmkz	4.0	4.0	3.0	5.0		
NqJw2sVJbC8	4.0	3.0	3.0			
sfy1DGc54-M	4.0	3.0	6.0	4.0		
XOjv2HxIF6i	7.0	6.0	6.0	6.0		
jQ0XleVhYuT	5.0	5.0	6.0	6.0		
PsdsEbzxZWr	7.0	4.0	5.0			
mEdwVCRJuX4	5.0	6.0	7.0	9.0		
NGBY716p1VR	5.0	5.0	7.0	5.0		
rLj5jTcCUpp	4.0	4.0	4.0	5.0		
X7iHv744p5Y	5.0	6.0	5.0			
083vV3utxpC	6.0	5.0	6.0	6.0		
FcfH5Pskt2G	4.0	3.0	5.0	5.0		
poH5qibNFZ	5.0	4.0	5.0			
OyDjznG-x2e	6.0	4.0	5.0	5.0	6.0	
-NEXDKk8gZ	5.0	5.0	5.0	5.0		
O9bnihsFfXU	5.0	7.0	8.0	6.0		
5Spjp0zDYt	5.0	5.0	5.0	4.0		
HeEzgm-f4g1	4.0	4.0	5.0	4.0		
HowQIZwD_42	4.0	4.0	5.0	6.0		
Y45i-hDynr	5.0	5.0	4.0			
ESG-DMKQKsD	7.0	5.0	6.0	6.0		
hu2aMLzOxC	6.0	7.0	7.0	6.0		
a5KvtsZ14ev	5.0	7.0	5.0	5.0	5.0	
PcBVjfeLODY	5.0	3.0	4.0	3.0		
GA87kjyd-f	6.0	6.0	4.0	4.0		
cuDFRRANJ-5	6.0	7.0	7.0	3.0		
c9-WeM-ceB	6.0	7.0	7.0	7.0		
AZ4vmLoJft	5.0	7.0	5.0	4.0		
1OCwJdJSnSA	4.0	6.0	5.0			
n5go16HF_B	5.0	5.0	3.0			
Qm8UNVCFdh	8.0	6.0	9.0	4.0		
BnokSKnhC7F	5.0	3.0	5.0	6.0	4.0	
rF2kJgYAr3	3.0	5.0	6.0	5.0		
Q1aiM7sCi1	4.0	3.0	6.0	6.0		
mYNfmvt8oSv	4.0	8.0	4.0	4.0		
qda7-sVg84	7.0	7.0	6.0	6.0		
4SZ9Ft--pDl	3.0	8.0	4.0	4.0	6.0	
8pz6GXZ3YT	6.0	5.0	5.0	7.0		
RLRXCV6DbEJ	7.0	8.0	8.0	7.0		
iaO86DUuKi	6.0	7.0	7.0	6.0		
qU-eouoIyAy	2.0	5.0	7.0	5.0	4.0	
4c0J6lwQ4_	7.0	6.0	7.0	7.0		
6DOZ8XNNfGN	7.0	7.0	7.0	7.0		
zOGdf9K8aC	6.0	5.0	4.0	4.0		
YmA86Zo-P_t	4.0	7.0	7.0	6.0		
IpsTSvfIB6	5.0	4.0	4.0			
0i0IjXuq6J5	5.0	4.0	3.0	6.0		
bhngY7lHu_	3.0	4.0	4.0	5.0		
AjrRA6WYSW	5.0	7.0	6.0	6.0		
jNhWDHdjVi4	5.0	6.0	5.0	6.0		
YtMG5ex0ou	7.0	7.0	7.0	7.0		
V69LGwJ0lIN	6.0	7.0	5.0			
ZzwDy_wiWv	7.0	7.0	6.0	6.0		
X4y_10OX-hX	7.0	6.0	8.0	7.0		
qUs18ed9oe	4.0	6.0	4.0	4.0		
9wHe4F-lpp	3.0	6.0	5.0	4.0		
tHgJoMfy6nI	6.0	6.0	6.0	6.0		
O-6Pm_d_Q-	8.0	5.0	7.0	6.0		
J_pvI6ap5Mn	7.0	6.0	6.0	4.0		
-J9xYzP2HD	3.0	3.0	4.0	6.0	6.0	
gLWj29369lW	6.0	7.0	7.0	7.0		
MIDckA56aD	8.0	6.0	6.0	5.0		
uUX49ez8P06	6.0	4.0	6.0	6.0		
3AOj0RCNC2	8.0	8.0	5.0	8.0		
vC8hNRk9dOR	3.0	4.0	4.0	6.0		
ZK6vTvb84s	6.0	7.0	6.0	7.0		
Sx-mvOvnmJj	6.0	4.0	6.0			
QkQCcFsUtk	3.0	4.0	4.0			
ok4MWWSeOJ1	6.0	5.0	3.0	5.0		
gW8n0uD6rl	5.0	6.0	6.0	5.0		
TTUVg6vkNjK	8.0	6.0	6.0			
HmAhqnu3qu	6.0	5.0	7.0			
OcTUl1kc_00	4.0	5.0	6.0	4.0		
X9LHtgR4vq	4.0	4.0	3.0			
4qR3coiNaIv	6.0	7.0	6.0	7.0		
jyDpkM9lntb	2.0	3.0	2.0	3.0		
h0de3QWtGG	5.0	6.0	7.0	7.0		
-gfhS00XfKj	8.0	7.0	3.0	6.0		
Aoq37n5bhpJ	6.0	3.0	3.0	3.0		
pbXQtKXwLS	3.0	4.0	4.0	4.0		
c77KhoLYSwF	4.0	5.0	7.0	8.0		
_sCOYXNwaI	5.0	6.0	3.0	5.0		
65MxtdJwEnl	5.0	7.0	6.0			
SnhmiKUPWL	4.0	4.0	6.0	4.0		
qkLMTphG5-h	5.0	5.0	6.0	7.0		
bzVsk7bnGdh	5.0	4.0	5.0	5.0		
MU0yqXIoleL	5.0	4.0	4.0	4.0		
ol_xwLR2uWD	5.0	9.0	3.0	4.0		
Lvb2BKqL49a	3.0	6.0	7.0	5.0		
PBfaUXYZzU	4.0	3.0	3.0	6.0		
U850oxFSKmN	7.0	4.0	7.0	5.0		
5jRVa89sZk	8.0	5.0	6.0	7.0		
aGmEDl1NWJ-	5.0	5.0	6.0	8.0		
O358nrve1W	5.0	5.0	4.0			
yeeS_HULL7Z	5.0	4.0	4.0	5.0		
HI0j7omXTaG	5.0	5.0	3.0	5.0		
5g5x0eVdRg	4.0	3.0	6.0	4.0		
J40FkbdldTX	5.0	5.0	9.0	5.0		
RGeQOjc58d	7.0	6.0	5.0	5.0	6.0	
eQe8DEWNN2W	8.0	8.0	5.0	7.0		
yvzMA5im3h	4.0	5.0	7.0	5.0		
yZkF6xqhfQ	4.0	4.0	6.0	6.0		
17VnwXYZyhH	6.0	7.0	5.0	6.0		
HWqv5Pm3E3	6.0	4.0	6.0			
Zbc-ue9p_rE	6.0	7.0	7.0	7.0	7.0	
sp3Z1jiS2vn	3.0	6.0	5.0			
BtZhsSGNRNi	7.0	4.0	6.0			
ox8wgFpoyHc	5.0	6.0	3.0	6.0		
IrofNLZuWF	3.0	4.0	5.0	3.0		
y13JLBiNMsf	5.0	5.0	6.0	5.0		
PRr_3HPakQ	7.0	6.0	5.0	7.0		
GwjkaD3g-V1	6.0	6.0	6.0			
XAS3uKeFWj	7.0	6.0	6.0	6.0		
Io8oYQb4LRK	6.0	5.0	7.0	7.0		
jWXBUsWP7N	6.0	5.0	7.0	5.0		
4pN0NjwSoPR	5.0	6.0	4.0	6.0		
bJxgv5C3sYc	6.0	4.0	4.0	5.0		
J150Q1eQfJ4	3.0	7.0	4.0	5.0		
20qC5K2ICZL	4.0	4.0	5.0	3.0		
-yo2vfTt_Cg	4.0	5.0	4.0	6.0		
xrLrpG3Ep1X	5.0	5.0	6.0	5.0		
3JI45wPuReY	4.0	5.0	4.0	4.0		
T6AxtOaWydQ	3.0	7.0	7.0	7.0		
3uiR9bkbDjL	5.0	9.0	6.0	6.0		
qHXkE-8c1sQ	6.0	4.0	4.0	5.0		
bM4Iqfg8M2k	2.0	8.0	3.0	7.0		
Oe2XI-Aft-k	4.0	6.0	6.0	4.0		
DQpwoZgqyZ	4.0	4.0	6.0	4.0		
bW9SYKHcZiz	6.0	5.0	6.0	6.0		
uVnhiRaW3J	5.0	4.0	6.0	7.0	5.0	
UMSKPHFlnjD	4.0	5.0	5.0	3.0		
Cue2ZEBf12	6.0	5.0	6.0	5.0		
09-528y2Fgf	7.0	7.0	7.0	6.0		
sgJJjd3-Y3	5.0	5.0	4.0	6.0		
cbtV7xGO9pS	5.0	5.0	5.0	7.0		
qfkz7wHXKC	6.0	5.0	4.0	4.0		
eZllW0F5aM_	5.0	8.0	5.0	4.0		
6k7VdojAIK	7.0	5.0	7.0	7.0	3.0	
Q2iaAc-4I1v	3.0	5.0	6.0	5.0		
NZj7TnMr01	6.0	3.0	5.0	6.0		
sbyjwhxxT8K	6.0	5.0	5.0	5.0		
kmG8vRXTFv	9.0	7.0	8.0			
Bx05YH2W8bE	5.0	6.0	6.0	4.0		
kcqSDWySoy	7.0	5.0	4.0			
d9Emve8gG5E	5.0	3.0	4.0			
mOO-LfEVZK	5.0	1.0	7.0	4.0	5.0	
C5th0zC9NPQ	5.0	2.0	3.0			
S724o4_WB3	8.0	6.0	7.0			
BfayGoTV4iQ	9.0	4.0	6.0	6.0		
xVzlFUD3uC	5.0	6.0	5.0	7.0		
6puCSjH3hwA	6.0	8.0	8.0	6.0		
KcTBbZ1kM6K	7.0	4.0	4.0	5.0		
I6QHpMdZD5k	7.0	5.0	6.0	5.0	4.0	
xBoKLdKrZd	5.0	4.0	5.0	3.0		
WlT94P_zuHF	7.0	4.0	5.0	5.0		
pXmtZdDW16	7.0	5.0	6.0	7.0		
JoCR4h9O3Ew	7.0	7.0	7.0	7.0		
kQ7z7PkTXi	4.0	6.0	5.0	4.0		
bJLHjvYV1Cu	6.0	6.0	5.0	5.0		
aD1_5zowqV	6.0	4.0	5.0	7.0		
0zvfm-nZqQs	7.0	7.0	7.0	7.0		
zYmnBGOZtH	4.0	5.0	5.0			
U_mat0b9iv	6.0	7.0	7.0	4.0		
0n3BaVlNsHI	4.0	5.0	5.0	4.0		
eNSpdJeR_J	5.0	6.0	4.0	6.0		
GbCkSfstOIA	4.0	4.0	2.0	4.0		
iG_Cg6ONjX	4.0	4.0	4.0	3.0		
cTbIjyrUVwJ	5.0	7.0	6.0	6.0		
ohz3OEhVcs	3.0	5.0	6.0	6.0		
pHsHaXAv8m-	8.0	5.0	5.0	5.0		
dcktlmtcM7	5.0	4.0	5.0	3.0		
E3UZoJKHxuk	6.0	4.0	6.0	5.0		
6VPl9khIMz	5.0	5.0	5.0	4.0		
te7PVH1sPxJ	8.0	5.0	7.0	6.0		
TlPHO_duLv	6.0	5.0	5.0			
6t_dLShIUyZ	5.0	8.0	6.0	3.0	8.0	
1dm_j4ciZp	5.0	6.0	7.0	6.0		
PXedDe28hWH	6.0	5.0	5.0	4.0		
cP5IcoAkfKa	4.0	6.0	5.0	7.0	7.0	
Fn5wiAq2SR	5.0	6.0	5.0			
MaZFq7bJif7	6.0	7.0	6.0	8.0		
fmtSg8591Q	7.0	7.0	6.0	7.0		
xQnvyc6r3LL	3.0	5.0	3.0	7.0		
SncSswKUse	5.0	5.0	6.0	5.0		
T1EMbxGNEJC	4.0	5.0	3.0	6.0		
MJIve1zgR_	6.0	9.0	7.0	7.0		
kLyLW3RRqU	4.0	3.0	4.0	4.0		
XZDeL25T12l	5.0	3.0	6.0	6.0		
zbEupOtJFF	7.0	6.0	5.0	5.0		
nG4Djb4h8Re	6.0	5.0	4.0			
0-uUGPbIjD	7.0	8.0	7.0	8.0		
XkI_ggnfLZ4	5.0	4.0	7.0	4.0		
UH-cmocLJC	9.0	9.0	9.0	8.0		
WUNF4WVPvMy	5.0	5.0	7.0	4.0	6.0	
D3PcGLdMx0	7.0	6.0	6.0	5.0		
3ZeGLibhFo0	5.0	7.0	4.0	7.0		
6BRLOfrMhW	7.0	7.0	6.0			
0Zxk3ynq7jE	4.0	3.0	3.0	7.0		
4ADnf1HqIw	4.0	3.0	5.0	4.0		
WweBNiwWkZh	3.0	6.0	4.0	4.0		
AAes_3W-2z	6.0	6.0	7.0	8.0		
MxaY4FzOTa	7.0	5.0	6.0	4.0		
LMslR3CTzE_	6.0	3.0	5.0	5.0		
Cz3dbFm5u-	6.0	7.0	7.0	5.0		
Gu5WqN9J3Fn	4.0	6.0	7.0	7.0		
rq3Rt9R5rD	4.0	5.0	3.0	4.0		
-IXhmY16R3M	7.0	6.0	6.0	6.0		
R7aFOrR0b2	4.0	4.0	6.0	4.0		
SPyxaz_h9Nd	4.0	5.0	6.0	6.0		
k9GoaycDeio	5.0	5.0	5.0	4.0		
1Q-CqRjUzf	5.0	5.0	4.0			
yZBuYjD8Gd	5.0	5.0	2.0	5.0		
fgpXAu8puGj	5.0	5.0	4.0	6.0		
IVwXaHpiO0	3.0	4.0	9.0	4.0	7.0	
arD29HCZG6O	5.0	6.0	4.0	6.0		
lEZIPgMIB1	4.0	4.0	7.0	9.0		
5ZFeGYBBPgs	6.0	4.0	5.0			
nPVlVsBTiJ	3.0	7.0	3.0	4.0		
kW_zpEmMLdP	7.0	7.0	6.0	6.0		
XQQA6-So14	6.0	5.0	7.0	7.0		
LVotkZmYyDi	8.0	8.0	5.0	7.0		
n6jl7fLxrP	4.0	7.0	9.0	6.0		
MmCRswl1UYl	6.0	7.0	7.0	6.0		
ALSupSRaBH	6.0	5.0	4.0	3.0		
Im43P9kuaeP	6.0	4.0	4.0	5.0		
R43miizWtUN	6.0	4.0	5.0	4.0		
Ua6zuk0WRH	7.0	8.0	8.0	7.0		
RovX-uQ1Hua	7.0	5.0	7.0	7.0	7.0	
_QnwcbR-GG	7.0	4.0	8.0			
lXW6Sk1075v	3.0	5.0	3.0	5.0		
oGzm2X0aek	7.0	7.0	4.0	4.0		
GzHjhdpk-YH	6.0	7.0	5.0	6.0		
SXoheAR0Gz	6.0	5.0	5.0			
EqoXe2zmhrh	7.0	9.0	6.0	7.0		
mgVbI13p96	7.0	4.0	7.0	6.0		
K5YasWXZT3O	6.0	6.0	6.0	8.0		
s4D2nnwCcM	5.0	4.0	3.0	4.0		
om1guSP_ray	3.0	3.0	5.0	4.0		
pGIHq1m7PU	7.0	6.0	6.0	1.0	6.0	
wpSWuz_hyqA	8.0	6.0	8.0	8.0		
sHSzfA4J7p	5.0	5.0	6.0			
6lH8nkwKRXV	7.0	3.0	4.0	6.0		
kV-KqNefqh	4.0	4.0	4.0	4.0		
dqyK5RKMaW4	7.0	5.0	4.0	6.0		
tLRxBLoTAM	5.0	3.0	9.0	3.0		
ufZN2-aehFa	6.0	6.0	7.0	6.0		
q-cnWaaoUTH	5.0	7.0	7.0			
zDy_nQCXiIj	8.0	6.0	6.0	8.0		
I4pQCAhSu62	5.0	6.0	6.0	5.0		
-kfLEqppEm_	4.0	8.0	5.0	5.0		
ETBc_MIMgoX	7.0	6.0	6.0	7.0		
dV19Yyi1fS3	5.0	4.0	6.0	10.0	4.0	
pTZ6EgZtzDU	6.0	5.0	6.0	6.0		
Jacdvfjicf7	7.0	7.0	7.0	5.0		
Oecm1tBcguW	6.0	7.0	7.0	4.0		
SPhswbiXpJQ	5.0	7.0	4.0	6.0	7.0	
DILxQP08O3B	6.0	6.0	6.0	6.0		
33TBJachvOX	6.0	5.0	5.0	6.0		
QO9-y8also-	7.0	7.0	5.0	6.0		
MRQJmsNPp8E	5.0	6.0	4.0			
_QdvdkxOii6	5.0	2.0	5.0	4.0		
NfZ6g2OmXEk	7.0	5.0	7.0	6.0		
NL40q_yuavv	6.0	4.0	3.0	5.0		
e68IYJNOYau	4.0	7.0	5.0	5.0		
BHBb-QVVkNS	5.0	5.0	3.0	4.0		
IPGZ6S3LDdw	6.0	6.0	5.0	5.0		
TSrvUnWkjGR	6.0	3.0	7.0			
HZcDljfUljt	5.0	6.0	6.0	5.0		
zfO1MwBFu-	6.0	7.0	6.0			
punMXQEsPr0	6.0	5.0	5.0	6.0		
Bw7VC-DJUM	4.0	5.0	4.0	6.0		
uMDbGsVjCS4	5.0	3.0	4.0			
hnJSgY7p33a	5.0	4.0	4.0	4.0		
ykCRDlfxmk	4.0	6.0	5.0	5.0		
zcOJOUjUcyF	5.0	6.0	5.0	5.0		
AICNpd8ke-m	7.0	7.0	5.0			
n5yBuzpqqw	6.0	3.0	3.0	5.0		
P__qBPffIlK	7.0	4.0	5.0			
V6WHleb2nV	4.0	4.0	4.0	4.0		
T0tmb7uhRhD	5.0	4.0	4.0	4.0		
-_Zp7r2-cGK	6.0	7.0	5.0	8.0		
tEw4vEEhHjI	7.0	5.0	5.0			
OOsR8BzCnl5	7.0	4.0	8.0			
pg9c6etTWXR	7.0	6.0	4.0	4.0		
yuXQOhKRjBr	3.0	4.0	4.0	4.0	4.0	
RtNpzLdHUAW	4.0	6.0	6.0	6.0		
xzqLpqRzxLq	5.0	7.0	6.0	8.0	5.0	
t2C42s67gsQ	5.0	3.0	5.0			
7apQQsbahFz	5.0	6.0	7.0	6.0		
NyQedovJwAS	4.0	5.0	4.0	7.0		
MY3WGKsXct_	6.0	6.0	6.0	5.0		
cxRUccyjw0S	6.0	6.0	4.0			
nIAxjsniDzg	7.0	9.0	9.0	7.0		
bG_lJcLwE3p	6.0	5.0	7.0			
KpfasTaLUpq	9.0	7.0	5.0	7.0		
ldxlzGYWDmW	7.0	7.0	8.0	5.0		
OtAnbr1OQAW	4.0	5.0	4.0	5.0		
DMxOBm06HUx	5.0	4.0	7.0	3.0	5.0	
GboAslXYiBr	5.0	5.0	4.0			
XRo78JEfVnt	4.0	4.0	6.0			
G1KjzLWU4ci	4.0	7.0	5.0	3.0		
uys9OcmXNtU	6.0	6.0	5.0			
80FMcTSZ6J0	7.0	7.0	5.0	6.0		
O1GEH9X8848	6.0	4.0	7.0			
NPab8GcO5Pw	5.0	4.0	7.0	4.0		
exa2mDqPb5E	4.0	7.0	5.0	4.0		
5m3SEczOV8L	7.0	7.0	6.0	8.0		
xboZWqM_ELA	4.0	5.0	4.0	8.0		
GvqjmSwUxkY	5.0	6.0	6.0	6.0		
IeuEO1TccZn	4.0	7.0	6.0	5.0		
onxoVA9FxMw	6.0	7.0	8.0	6.0		
ctgsGEmWjDY	5.0	7.0	6.0	5.0		
o966_Is_nPA	7.0	6.0	7.0	8.0		
1z_Hg9oBCtY	5.0	7.0	3.0			
b4ach0lGuYO	5.0	6.0	2.0	4.0		
6Lhv4x2_9pw	4.0	4.0	4.0	6.0		
l-LGlk4Yl6G	6.0	6.0	6.0			
r-gPPHEjpmw	8.0	7.0	4.0	4.0		
jYkO_0z2TAr	4.0	4.0	7.0			
r28GdiQF7vM	6.0	7.0	6.0	5.0		
gfwfOskyzSx	4.0	5.0	5.0	4.0		
Naqw7EHIfrv	7.0	5.0	6.0	5.0		
k2Om84I9JuX	6.0	4.0	4.0	9.0		
I6NRcao1w-X	5.0	4.0	7.0	6.0		
xJFxgRLx79J	6.0	7.0	6.0	3.0		
H0syOoy3Ash	6.0	7.0	7.0			
io-EI8C0q6A	5.0	6.0	4.0	6.0		
WkKsWwxnAkt	5.0	3.0	5.0			
HHSEKOnPvaO	6.0	7.0	8.0	7.0		
qzBUIzq5XR2	6.0	6.0	7.0	7.0		
dN_iVr6iNuU	6.0	5.0	5.0	4.0		
rEaz5uTcL6Q	6.0	4.0	5.0	5.0		
PObuuGVrGaZ	6.0	6.0	6.0	8.0		
sxZvLS2ZPfH	4.0	5.0	2.0	3.0		
qmI0P1ZExUl	6.0	6.0	4.0			
Ljcb2tylYn1	5.0	5.0	2.0	4.0		
pBqLS-7KYAF	7.0	6.0	7.0	7.0		
LcPefbNSwx_	4.0	4.0	4.0	5.0		
aYuZO9DIdnn	7.0	6.0	6.0	6.0		
JiNvAGORcMW	5.0	5.0	6.0	5.0		
9p2CltauWEY	5.0	4.0	7.0	5.0		
0IO5VdnSAaH	7.0	7.0	6.0	6.0		
H6ZWlQrPGS2	4.0	5.0	4.0	4.0		
NqWY3s0SILo	4.0	6.0	5.0			
Yz-XtK5RBxB	7.0	6.0	6.0	7.0		
F-mvpFpn_0q	8.0	7.0	7.0	4.0		
xvWZQtxI7qq	6.0	4.0	6.0	4.0		
PmVfnB0nkqr	3.0	4.0	5.0	4.0		
CMsvjAnW1zE	6.0	5.0	7.0	4.0		
WAISmwsqDsb	7.0	7.0	7.0			
4AWko4A35ss	6.0	6.0	5.0	7.0		
eIHYL6fpbkA	7.0	6.0	7.0	6.0		
zspml_qcldq	3.0	4.0	5.0			
0fqoSxXBwI6	6.0	4.0	7.0	6.0		
9az9VKjOx00	6.0	6.0	7.0	5.0		
_PzOsP37P4T	4.0	5.0	4.0	4.0		
2Id6XxTjz7c	4.0	6.0	6.0	5.0		
S8IrSw9dF4W	5.0	5.0	5.0			
V1N4GEWki_E	7.0	6.0	5.0	5.0		
nxJ8ugF24q2	4.0	4.0	4.0			
Z2qyx5vC8Xn	6.0	3.0	7.0	5.0		
Svfh1_hYEtF	5.0	6.0	7.0	4.0		
JHcqXGaqiGn	7.0	4.0	6.0	7.0		
yxafu6ZtUux	4.0	3.0	7.0	6.0		
8iW8HOidj1_	4.0	6.0	4.0	5.0		
ce6CFXBh30h	6.0	6.0	4.0	6.0		
Wga_hrCa3P3	4.0	6.0	5.0	6.0		
Dtahsj2FkrK	5.0	5.0	6.0			
EKw6nZ4QkJl	3.0	4.0	4.0	3.0		
4CxsUBDQJqv	5.0	4.0	5.0			
RDpTZpubOh7	3.0	6.0	6.0	4.0		
FZ1oTwcXchK	5.0	7.0	7.0			
EKV158tSfwv	7.0	6.0	6.0	7.0		
defQ1AG6IWn	5.0	5.0	6.0	4.0		
6NFBvWlRXaG	8.0	6.0	6.0	8.0		
ATp1nW2FuZL	8.0	6.0	5.0	5.0		
0EJjoRbFEcX	5.0	6.0	4.0	5.0		
xTJEN-ggl1b	8.0	6.0	6.0	6.0	6.0	
N9oPAFcuYWX	6.0	7.0	6.0	4.0		
K398CuAKVKB	6.0	4.0	4.0	5.0		
tnq_O52RVbR	4.0	5.0	5.0	5.0		
bFeSb705ekd	5.0	5.0	6.0	3.0		
mxIEptSTK6Z	6.0	4.0	4.0	4.0		
kg63Tjpmc9Z	5.0	3.0	4.0	6.0		
p8EpbhCiSsF	3.0	5.0	3.0	7.0		
KCzRX9N8BIH	4.0	5.0	6.0	6.0		
8QAXsAOSBjE	6.0	6.0	5.0	5.0		
EAZHurUYz8U	6.0	5.0	3.0			
SHvF5xaueVn	7.0	7.0	4.0	7.0		
F2v4aqEL6ze	6.0	4.0	6.0	7.0		
PEcNk5Bad7z	5.0	5.0	4.0			
Ggx8fbKZ1-D	5.0	4.0	5.0	5.0		
ggNgn8Fhr5Q	6.0	5.0	4.0	3.0		
MLSvqIHRidA	8.0	7.0	7.0	6.0		
FsLTUzZlsgT	4.0	7.0	7.0	6.0		
FUdBF49WRV1	4.0	5.0	7.0	5.0		
IG3jEGLN0jd	6.0	7.0	6.0	5.0		
ZlIfK1wCubc	4.0	3.0	5.0			
7JSTDTZtn7-	5.0	7.0	6.0			
jfPU-u_52Tx	5.0	5.0	6.0	6.0		
1OCTOShAmqB	4.0	7.0	6.0	8.0		
MbM_gvIB3Y4	6.0	7.0	5.0	5.0	5.0	
OMNB1G5xzd4	8.0	4.0	5.0	7.0		
Y5TgO3J_Glc	6.0	6.0	7.0	4.0		
kLbhLJ8OT12	7.0	6.0	6.0	6.0		
bsRjn0RH620	6.0	5.0	4.0	4.0		
EsA9Nr9JHvy	7.0	5.0	6.0	5.0		
uAX8q61EVRu	7.0	9.0	7.0			
NTEz-6wysdb	6.0	7.0	7.0	7.0		
NjpEx8XzDvm	6.0	5.0	4.0	5.0		
txC1ObHJ0wB	5.0	5.0	5.0	5.0		
YfjCEVpolsz	4.0	4.0	4.0	4.0		
jpm1AfJucwt	6.0	3.0	5.0	7.0		
2G9u-wu2tXP	4.0	6.0	4.0	6.0		
0z1HScLBEpb	5.0	6.0	3.0	5.0		
3F0Qm7TzNDM	6.0	6.0	3.0	7.0		
c1zLYtHYyQG	4.0	5.0	4.0	5.0		
hr-3PMvDpil	6.0	7.0	7.0	6.0		
MpStQoD73Mj	6.0	5.0	4.0	6.0		
ZpS34ymonwE	5.0	6.0	6.0			
LwEQnp6CYev	6.0	7.0	7.0	8.0		
uB5x7Y2qsFR	5.0	5.0	4.0	4.0		
u4WfreuXxnk	5.0	6.0	6.0	6.0	6.0	
mSAKhLYLSsl	8.0	9.0	8.0			
reEp2BReEou	5.0	6.0	4.0	4.0		
_QQ_v_w_uNV	3.0	5.0	4.0	3.0		
lU5Rs_wCweN	6.0	6.0	6.0	7.0		
1toB0Fo9CZy	7.0	4.0	4.0	6.0		
vkxGQB9f2Vg	5.0	5.0	6.0	10.0		
YQVjbJPnPc9	6.0	6.0	6.0	2.0		
FGvJvxn2wWO	4.0	5.0	3.0	3.0	4.0	
v2tmeZVV9-c	4.0	6.0	6.0	6.0		
dlEJsyHGeaL	3.0	6.0	7.0	7.0		
-p6rexF3qdQ	4.0	5.0	5.0	5.0		
i7aMbliTkHs	8.0	4.0	6.0			
8cpHIfgY4Dj	5.0	5.0	7.0			
LuyryrCs6Ez	6.0	6.0	5.0			
33rtZ4Sjwjn	6.0	8.0	5.0	6.0		
rkQuFUmUOg3	6.0	4.0	5.0			
oDPxtrCMboN	4.0	4.0	5.0	4.0		
5FRJWsiLRmA	5.0	7.0	5.0			
AJTAcS7SZzf	5.0	6.0	3.0			
gtwVBChN8td	3.0	5.0	3.0	3.0		
edJ_HipawCa	7.0	5.0	7.0	6.0	7.0	
bMCfFepJXM	7.0	7.0	5.0	5.0		
gwnoVHIES05	6.0	7.0	7.0	7.0		
068E_JSq9O	6.0	6.0	8.0	7.0		
RB0iNPXIj60	4.0	2.0	4.0	2.0		
n4IMHNb8_f	4.0	4.0	7.0	6.0		
zI38PZQHWKj	6.0	4.0	3.0			
IneoHhrfv5	5.0	6.0	5.0	4.0		
_lV1OrJIgiG	3.0	4.0	4.0	6.0		
D5Wt3FtvCF	6.0	4.0	4.0	5.0		
9w03rTs7w5	6.0	6.0	4.0	6.0	6.0	
l3YcqzaPlx0	7.0	4.0	5.0	5.0		
A_MbFRk3qT	4.0	4.0	4.0			
nhIsVl2UoMt	3.0	4.0	6.0			
jnRqf0CzBK	4.0	4.0	2.0	3.0		
qzqBl_nOeAQ	7.0	6.0	4.0	4.0		
muu0gF6BW-	7.0	5.0	5.0	7.0		
PP4KyAaBoBK	7.0	6.0	3.0	4.0		
bQtejwuIqB	7.0	4.0	3.0	4.0		
9Y7_c5ZAd5i	8.0	8.0	7.0	4.0		
ccwT339SIu	5.0	4.0	6.0			
D51irFX8UOG	7.0	6.0	5.0	7.0		
HP-tcf48fT	7.0	5.0	5.0			
uz5uw6gM0m	5.0	4.0	3.0	5.0		
de11dbHzAMF	6.0	7.0	6.0	6.0	8.0	
ypJS_nyu-I	6.0	4.0	4.0	6.0		
04cII6MumYV	6.0	6.0	7.0	8.0	6.0	
KmlvRQo3tC	3.0	5.0	4.0	3.0		
-mWcQVLPSPy	7.0	7.0	6.0	4.0		
HajQFbx_yB	9.0	7.0	8.0			
GCXq4UHH7h4	4.0	4.0	5.0	4.0		
ZglaBL5inu	5.0	5.0	8.0	4.0		
RgDq8-AwvtN	5.0	5.0	5.0	5.0		
37nvvqkCo5	8.0	8.0	7.0	6.0		
IlJbTsygaI6	3.0	4.0	3.0	3.0		
HbZTcIuiMAG	4.0	8.0	5.0	7.0		
IpPQmzj4T_	5.0	3.0	5.0	5.0		
RVANVvSi8MZ	5.0	6.0	4.0	6.0	5.0	
oSrM_jG_Ng	9.0	5.0	4.0			
Q8ZdJahesWe	5.0	5.0	4.0	5.0		
AFm2njNEE1	5.0	5.0	4.0	4.0		
S0UdquAnr9k	7.0	8.0	6.0	8.0		
EZ8aZaCt9k	6.0	4.0	4.0	5.0	4.0	
ZqB2GD-Ixn	3.0	9.0	5.0	7.0		
WW8VEE7gjx	4.0	7.0	5.0			
OthEq8I5v1	7.0	7.0	7.0	8.0		
0_YzHnuthDf	5.0	5.0	4.0	4.0		
WiGQBFuVRv	7.0	9.0	6.0	7.0		
LpSGtq6F5xN	5.0	5.0	5.0	6.0		
XMoyS8zm6GA	6.0	4.0	4.0	5.0		
iAX0l6Cz8ub	7.0	8.0	8.0			
IMPnRXEWpvr	7.0	5.0	4.0			
Uu1Nw-eeTxJ	7.0	5.0	7.0			
bFnn6lPn3Sp	4.0	3.0	3.0			
Hw2Za4N5hy0	4.0	3.0	6.0	3.0		
Efiwpsy0ZE_	5.0	4.0	5.0			
TEtO5qiBYvE	4.0	5.0	6.0			
0-EYBhgw80y	6.0	7.0	6.0	7.0		
D1E1h-K3jso	6.0	6.0	6.0	5.0		
9DQ0SdY4UIz	4.0	3.0	4.0	5.0		
pULTvw9X313	4.0	6.0	9.0			
jLoC4ez43PZ	7.0	7.0	7.0	6.0		
H38f_9b90BO	7.0	4.0	5.0	6.0		
FPpZrRfz6Ss	3.0	5.0	4.0	5.0		
4NrO5vqdkwj	4.0	5.0	4.0	8.0		
WC04PD6dFrP	5.0	6.0	6.0	8.0		
c8P9NQVtmnO	7.0	6.0	8.0	5.0		
jsM6yvqiT0W	4.0	2.0	7.0	5.0		
vYeQQ29Tbvx	8.0	6.0	6.0	6.0		
dyaIRud1zXg	7.0	6.0	7.0			
tY38nwwdCDa	3.0	5.0	2.0	3.0		
GNv-TyWu3PY	5.0	3.0	7.0	8.0		
WN_6sThEI_-	5.0	4.0	4.0	5.0		
ba82GniSJdc	5.0	4.0	4.0	5.0		
Ef1nNHQHZ20	4.0	5.0	5.0	5.0		
P42rXLGZQ07	5.0	6.0	6.0	6.0		
xCy9thPPTb_	6.0	6.0	5.0	5.0		
ZD7Ll4pAw7C	5.0	3.0	5.0	4.0		
UpZFBWxr1g3	6.0	3.0	7.0	4.0		
v9c7hr9ADKx	6.0	9.0	7.0			
cL4wkyoxyDJ	1.0	2.0	2.0	3.0		
tyd9yxioXgO	7.0	5.0	6.0	7.0		
JWOiYxMG92s	7.0	7.0	7.0			
iVaPuvROtMm	5.0	8.0	4.0			
iKQAk8a2kM0	6.0	7.0	6.0	5.0		
6YEQUn0QICG	5.0	8.0	7.0	4.0		
GPuvhWrEdUn	5.0	5.0	5.0			
cQyybLUoXxc	5.0	4.0	4.0	5.0		
n76UrS2Gs3M	5.0	3.0	4.0	3.0		
whNntrHtB8D	5.0	7.0	3.0	6.0		
5tJMTHv0l8g	7.0	7.0	3.0			
Iz3zU3M316D	6.0	6.0	5.0	7.0		
YtgKRmhAojv	4.0	6.0	4.0	4.0		
syv-WdGWvqX	4.0	5.0	4.0	6.0		
wxRwhSdORKG	4.0	7.0	6.0	7.0		
mB_2tZ9d7L3	6.0	4.0	3.0	6.0		
X76iqnUbBjz	6.0	10.0	5.0	6.0		
QpT9Q_NNfQL	4.0	7.0	7.0	4.0		
CaCHjsqCBJV	5.0	5.0	6.0	3.0		
foNTMJHXHXC	4.0	6.0	5.0	6.0		
3FK30d5BZdu	4.0	6.0	5.0	4.0		
sr68jSUakP	4.0	7.0	5.0			
Sva-fwURywB	4.0	5.0	3.0			
dFwBosAcJkN	7.0	7.0	6.0	7.0		
OQ08SN70M1V	6.0	6.0	7.0	6.0		
0owsv3F-fM	4.0	5.0	4.0	5.0		
dmCL033_YwO	5.0	4.0	4.0	6.0		
3Jf4Fr2I4T2	5.0	4.0	5.0	5.0		
pQ-AoEbNYQK	6.0	4.0	4.0	5.0		
K9bw7vqp_s	6.0	6.0	5.0	6.0		
nRJ08rN_b17	6.0	3.0	3.0			
u8X280hw1Mt	5.0	6.0	5.0	8.0		
14nC8HNd4Ts	4.0	5.0	3.0			
ToWi1RjuEr8	4.0	3.0	3.0	6.0		
OMizHuea_HB	7.0	6.0	7.0	7.0		
_b8l7rVPe8z	6.0	4.0	5.0	4.0		
Fo6S5-3Dx_	4.0	4.0	4.0	4.0		
y4-e1K23GLC	7.0	7.0	5.0	5.0		
PiKUvDj5jyN	5.0	6.0	6.0	6.0		
-TwO99rbVRu	6.0	8.0	7.0			
a7gkBG1m6e	5.0	5.0	6.0	6.0		
luGQiBeRMxd	6.0	6.0	6.0	6.0		
xvxPuCkCNPO	8.0	8.0	7.0	7.0		
BqC9lL-hzY_	3.0	6.0	3.0	4.0		
oOzqmUtudq	4.0	6.0	7.0	4.0		
XS_E9MiQeVk	5.0	4.0	4.0	4.0		
Xu6K3lGBPAS	4.0	5.0	3.0	5.0		
BXewfAYMmJw	8.0	7.0	5.0	5.0		
I3zV6igAT9	6.0	6.0	5.0	6.0		
eHG7asK_v-k	6.0	5.0	8.0	4.0		
t4hNn7IvNZX	6.0	3.0	2.0	2.0		
KiFeuZu24k	4.0	5.0	4.0	5.0		
5SST78xEh4A	5.0	5.0	4.0	4.0		
Q4EUywJIkqr	6.0	5.0	6.0	6.0		
o5KkQBuMWCm	6.0	6.0	5.0	3.0		
Z4YatHL7aq	4.0	6.0	5.0	5.0		
GHCu1utcBvX	2.0	3.0	4.0	3.0		
ucEXZQncukK	6.0	6.0	5.0	7.0		
EbIDjBynYJ8	7.0	9.0	8.0	9.0		
A5VV3UyIQz	4.0	8.0	7.0			
po-DLlBuAuz	4.0	6.0	9.0	7.0		
LucJxySuJcE	6.0	5.0	7.0	6.0		
6xHJ37MVxxp	7.0	4.0	7.0			
6s480DdlRQQ	5.0	6.0	5.0			
aGfU_xziEX8	6.0	6.0	7.0	6.0		
yu8JOcFCFrE	4.0	7.0	6.0	4.0		
1EVb8XRBDNr	4.0	7.0	6.0	6.0		
78SlGFxtlM	6.0	5.0	4.0	5.0		
R2ZlTVPx0Gk	6.0	7.0	6.0	8.0		
N33d7wjgzde	7.0	5.0	7.0	6.0	6.0	
zgGmAx9ZcY	6.0	5.0	5.0			
ePh9bvqIgKL	5.0	5.0	6.0			
nIqapkAyZ9_	4.0	6.0	6.0	5.0		
VMAesov3dfU	5.0	1.0	4.0	3.0		
IDFQI9OY6K	8.0	6.0	6.0	6.0		
FlhlcARywRz	6.0	7.0	4.0	7.0		
hga0T0Qcli5	5.0	5.0	2.0	4.0		
8e6BrwU6AjQ	6.0	7.0	7.0	6.0		
-HsAI7VKsz	6.0	4.0	6.0	4.0		
dvSExzhjG9D	5.0	4.0	6.0	6.0		
EUUp9nWXsop	5.0	6.0	4.0			
oj3bHNSq_2w	6.0	6.0	6.0	6.0		
qYl0OtcZKx	5.0	4.0	3.0	4.0		
7UyqgFhPqAd	6.0	4.0	5.0			
rAIkhjUK0Tx	5.0	4.0	4.0	2.0		
uKhGRvM8QNH	7.0	6.0	5.0			
YwpZmcAehZ	7.0	6.0	6.0	7.0		
ZS-9XoX20AV	4.0	8.0	6.0	3.0		
2bw8QFtPAZD	5.0	6.0	6.0	4.0		
DAaaaqPv9-q	5.0	6.0	8.0	5.0		
SVsLxTfHa1	6.0	4.0	5.0	5.0		
zQTezqCCtNx	7.0	8.0	7.0	7.0		
GTGb3M_KcUl	7.0	6.0	7.0	7.0		
wjJ3pR-ZQD	7.0	8.0	6.0	4.0	4.0	
_SKUm2AJpvN	6.0	5.0	5.0	7.0		
blfSjHeFM_e	7.0	7.0	6.0	7.0		
bWCWPkZqE1A	4.0	4.0	5.0	6.0		
--rcOeCKRh	6.0	4.0	6.0	6.0		
kic8cng35wX	6.0	6.0	6.0	4.0		
YjNv-hzM8BE	4.0	9.0	4.0	7.0	5.0	
nySHNUlKTVw	3.0	7.0	5.0	4.0		
Oj2hGyJwhwX	6.0	7.0	7.0	5.0		
KOtxfjpQsq	6.0	5.0	5.0	5.0		
IohHac70h3R	3.0	5.0	4.0	5.0	8.0	
Xb8xvrtB8Ce	6.0	7.0	7.0	5.0		
784_F-WCW46	5.0	6.0	4.0	7.0	6.0	
XtPeiGx6BwC	4.0	6.0	7.0	6.0		
ghjxvfgv9ht	4.0	2.0	4.0			
yN5kwvn4E1R	4.0	2.0	4.0	3.0		
1qJtBS8QF9	5.0	4.0	4.0	3.0	3.0	
LhAqAxwH5cn	7.0	7.0	5.0	3.0		
rABUmU3ulQh	6.0	8.0	7.0			
AHm3dbp7D1D	7.0	7.0	6.0			
D9I3drBz4UC	8.0	7.0	7.0	7.0		
vLaHRtHvfFp	7.0	5.0	7.0			
Tp7kI90Htd	8.0	8.0	6.0	7.0		
2wjKRmraNan	2.0	6.0	5.0	5.0		
mj7WsaHYxj	6.0	7.0	5.0	6.0		
xHqKw3xJQhi	6.0	6.0	6.0	8.0		
FGqiDsBUKL0	8.0	7.0	8.0			
bLGZW0hIQpO	6.0	2.0	3.0			
gIHd-5X324	7.0	4.0	7.0	6.0		
oKWmzgO7bfl	4.0	6.0	4.0			
WEnXA3sAwV7	5.0	4.0	6.0	4.0		
H8UHdhWG6A3	4.0	7.0	4.0	6.0		
-BA38x6Cf2	5.0	5.0	5.0	2.0		
pAq1h9sQhqd	6.0	4.0	6.0	7.0		
jOQbDGngsg8	6.0	5.0	3.0	6.0		
2pYMlvmsNaK	6.0	3.0	4.0	4.0		
uQfOy7LrlTR	5.0	8.0	7.0	7.0	6.0	6.0
Oc-Aedbjq0	5.0	5.0	4.0	6.0		
P84ryxVG6tR	6.0	4.0	7.0	4.0		
pWipslK5xVf	4.0	4.0	6.0	6.0	5.0	
HclUGWwAVE	6.0	3.0	3.0	4.0		
b6BdrqTnFs7	4.0	5.0	5.0	3.0		
heFdS9_tkzc	5.0	4.0	6.0	5.0	5.0	
bIQF55zCpWf	5.0	6.0	5.0	6.0		
TiXl51SCNw8	7.0	6.0	6.0	6.0		
oBmpWzJTCa4	5.0	6.0	5.0	6.0		
o2ko2D_uvXJ	7.0	5.0	5.0			
dJbf5SqbFrM	6.0	5.0	6.0			
5xaInvrGWp	4.0	6.0	5.0	4.0		
KjeUNkU2d26	4.0	4.0	7.0			
Pz_dcqfcKW8	7.0	7.0	7.0	6.0		
pzpytjk3Xb2	7.0	7.0	6.0	7.0		
u9ax42K7ND	3.0	4.0	3.0	3.0		
ZHkbzSR56jA	7.0	6.0	4.0	5.0		
mnj-9lYJgu	5.0	3.0	6.0	5.0		
aNqEm3NyqOg	4.0	7.0	5.0			
3cCWBFRuZBI	4.0	3.0	6.0			
Rhsu5qD36cL	7.0	9.0	7.0	6.0	8.0	
eNdiU_DbM9	7.0	7.0	7.0	7.0		
m4PC1eUknQG	6.0	4.0	6.0	6.0		
PXDdWQDBsCG	6.0	5.0	4.0	3.0		
Z6bT159ZA2E	4.0	3.0	5.0	4.0		
Siwm2BaNiG	5.0	6.0	5.0			
5B8YAz6W3eX	4.0	4.0	5.0	5.0		
hUAmiQCeUGm	4.0	5.0	3.0			
XavM6v_q59q	5.0	5.0	5.0	3.0		
1-j4VLSHApJ	4.0	5.0	3.0			
9OHFhefeB86	8.0	7.0	7.0	7.0		
a8OpoWkLA1	6.0	5.0	4.0	5.0		
r6I3EvB9eDO	3.0	3.0	4.0	3.0		
l3gNU1KStIC	3.0	3.0	4.0	2.0	2.0	
O3bqkf_Puys	7.0	5.0	7.0			
2kImxCmYBic	2.0	3.0	3.0	2.0		
aI8VuzSvCPn	3.0	6.0	6.0	6.0		
fhcMwjavKEZ	8.0	6.0	7.0	3.0		
Cb54AMqHQFP	5.0	8.0	6.0	6.0		
lWaz5a9lcFU	4.0	6.0	4.0			
m1CD7tPubNy	8.0	6.0	8.0	7.0		
XwATtbX3oCz	4.0	7.0	7.0	7.0		
udqDDCjdjs5	4.0	2.0	5.0	4.0		
mT1d_6PewBl	6.0	3.0	2.0			
KLH36ELmwIB	6.0	6.0	8.0	5.0		
cCwbeIZfOqX	7.0	3.0	3.0			
Gj9aQfQEHRS	4.0	3.0	4.0	4.0		
jn1WDxmDe5P	4.0	4.0	3.0			
uQnJqzkhrmj	5.0	5.0	6.0	5.0		
QfTXQiGYudJ	7.0	7.0	8.0			
FyucNzzMba-	5.0	6.0	5.0	5.0	5.0	
OifRuTHyQU	5.0	5.0	3.0	4.0		
nEMiSX_ipXr	3.0	3.0	3.0	3.0		
6MaBrlQ5JM	5.0	4.0	5.0			
9QLRCVysdlO	4.0	8.0	7.0	7.0		
EdXhmWvvQV	5.0	6.0	6.0	6.0		
X6YPReSv5CX	5.0	7.0	4.0	4.0	5.0	
otuxSY_QDZ9	2.0	5.0	5.0	3.0		
PQlC91XxqK5	6.0	5.0	7.0			
bM3L3I_853	7.0	7.0	5.0	6.0		
0LlujmaN0R_	4.0	5.0	8.0	5.0		
JNP-CqSjkDb	5.0	4.0	4.0	3.0		
UFWnZn2v0bV	5.0	5.0	6.0	4.0		
rQ55z6F-sY5	4.0	4.0	5.0	2.0	5.0	
M88oFvqp_9	7.0	7.0	5.0	5.0		
RuUdMAU-XbI	3.0	6.0	6.0	6.0		
Utc4Yd1RD_s	5.0	5.0	6.0			
Dh29CAlnMW	4.0	4.0	6.0			
Ig-VyQc-MLK	6.0	7.0	4.0	9.0		
EXkD6ZjvJQQ	6.0	6.0	7.0			
QjINdYOfq0b	6.0	4.0	6.0			
POWv6hDd9XH	7.0	8.0	6.0	7.0		
